log,,,M1,,,,,M2,,,,,M3,,,,,M4,,,,,M5,,,,
Region,Capitolo,31/12/2019,NUM,NEW,RET,CG,,NUM,NEW,RET,CG,,NUM,NEW,RET,CG,,NUM,NEW,RET,CG,,NUM,NEW,RET,CG,
11-Torino NE,BNI Florida,39,37,0,2,0,CHAPTER,37,0,0,0,CHAPTER,37,0,0,0,CHAPTER,37,0,0,0,CHAPTER,37,0,0,0,CHAPTER
11-Torino NE,BNI Brooklyn,32,32,0,0,0,CHAPTER,34,2,0,0,CHAPTER,34,0,0,0,CHAPTER,34,2,2,0,CHAPTER,34,0,0,0,CHAPTER
11-Torino NE,BNI Cit Turin,27,27,0,0,0,CHAPTER,26,0,1,0,CHAPTER,26,0,0,0,CHAPTER,26,0,0,0,CHAPTER,28,2,0,0,CHAPTER
11-Torino NE,BNI Dallas,27,24,0,3,0,CHAPTER,25,1,0,0,CHAPTER,25,0,0,0,CHAPTER,23,0,2,0,CHAPTER,24,1,0,0,CHAPTER
11-Torino NE,BNI Eporedia,34,34,0,0,0,CHAPTER,35,1,0,0,CHAPTER,35,1,1,0,CHAPTER,35,0,0,0,CHAPTER,34,0,1,0,CHAPTER
11-Torino NE,BNI Florida,30,30,0,0,0,CHAPTER,32,2,0,0,CHAPTER,33,1,0,0,CHAPTER,34,2,1,0,CHAPTER,31,0,3,0,CHAPTER
11-Torino NE,BNI Hollywood,47,47,1,1,0,CHAPTER,46,0,1,0,CHAPTER,46,1,1,0,CHAPTER,38,2,10,0,CHAPTER,37,1,2,0,CHAPTER
11-Torino NE,BNI La Mole,33,34,1,0,0,CHAPTER,34,1,0,0,CHAPTER,31,0,3,0,CHAPTER,30,1,2,0,CHAPTER,30,1,1,0,CHAPTER
11-Torino NE,BNI La Reggia,37,36,0,1,0,CHAPTER,35,0,2,0,CHAPTER,35,0,0,0,CHAPTER,34,0,1,0,CHAPTER,34,0,0,0,CHAPTER
11-Torino NE,BNI Las Vegas,24,21,0,3,0,CHAPTER,22,1,0,0,CHAPTER,22,0,0,0,CHAPTER,21,0,1,0,CHAPTER,20,0,1,0,CHAPTER
11-Torino NE,BNI Manhattan,32,33,1,0,0,CHAPTER,32,0,1,0,CHAPTER,33,1,0,0,CHAPTER,32,0,1,0,CHAPTER,32,0,0,0,CHAPTER
11-Torino NE,BNI Mozart,29,29,0,0,0,CHAPTER,29,0,0,0,CHAPTER,29,0,0,0,CHAPTER,30,1,0,0,CHAPTER,31,1,0,0,CHAPTER
11-Torino NE,BNI Oltrepo,47,47,0,0,0,CHAPTER,47,0,0,0,CHAPTER,45,0,2,0,CHAPTER,43,0,2,0,CHAPTER,43,1,1,0,CHAPTER
11-Torino NE,BNI Pegaso,33,34,1,0,0,CHAPTER,35,1,0,0,CHAPTER,33,0,2,0,CHAPTER,29,0,4,0,CHAPTER,29,1,1,0,CHAPTER
11-Torino NE,BNI Sfera,36,37,1,0,0,CHAPTER,36,0,1,0,CHAPTER,37,1,0,0,CHAPTER,34,0,3,0,CHAPTER,35,1,0,0,CHAPTER
11-Torino NE,BNI Wall Street,51,55,4,0,0,CHAPTER,57,2,0,0,CHAPTER,55,1,3,0,CHAPTER,56,1,0,0,CHAPTER,57,1,0,0,CHAPTER
12-Torino SO,BNI Bicerin,27,27,0,0,0,CHAPTER,28,1,0,0,CHAPTER,28,0,0,0,CHAPTER,27,0,1,0,CHAPTER,25,0,2,0,CHAPTER
12-Torino SO,BNI Carmagnola,,0,0,0,4,CORE_GRUP,0,0,0,4,CORE_GRUP,0,0,0,4,CORE_GRUP,0,0,0,4,CORE_GRUP,0,0,0,4,CORE_GRUP
12-Torino SO,BNI Centotorri,51,53,2,0,0,CHAPTER,44,3,12,0,CHAPTER,39,0,5,0,CHAPTER,40,1,0,0,CHAPTER,41,1,0,0,CHAPTER
12-Torino SO,BNI Erbaluce,36,36,0,0,0,CHAPTER,34,1,3,0,CHAPTER,32,0,2,0,CHAPTER,31,0,1,0,CHAPTER,30,0,1,0,CHAPTER
12-Torino SO,BNI Eridano,27,27,0,0,0,CHAPTER,27,1,1,0,CHAPTER,23,0,4,0,CHAPTER,23,0,0,0,CHAPTER,22,0,1,0,CHAPTER
12-Torino SO,BNI Fusion,35,35,1,1,0,CHAPTER,37,2,0,0,CHAPTER,37,0,0,0,CHAPTER,38,2,1,0,CHAPTER,37,2,3,0,CHAPTER
12-Torino SO,BNI Gold,31,30,0,1,0,CHAPTER,31,1,0,0,CHAPTER,30,1,2,0,CHAPTER,31,1,0,0,CHAPTER,31,2,2,0,CHAPTER
12-Torino SO,BNI Jobs,37,38,1,0,0,CHAPTER,39,1,0,0,CHAPTER,37,0,2,0,CHAPTER,36,2,3,0,CHAPTER,34,0,2,0,CHAPTER
12-Torino SO,BNI Meraviglia,26,28,2,0,0,CHAPTER,28,0,0,0,CHAPTER,30,2,0,0,CHAPTER,30,0,0,0,CHAPTER,32,2,0,0,CHAPTER
12-Torino SO,BNI Monviso,30,29,0,1,0,CHAPTER,30,1,0,0,CHAPTER,30,0,0,0,CHAPTER,29,1,2,0,CHAPTER,27,0,2,0,CHAPTER
12-Torino SO,BNI Muncalé,,,,,,,,,,,,,,,,,26,26,0,0,CHAPTER,27,1,0,0,CHAPTER
12-Torino SO,BNI Musinè,50,51,1,0,0,CHAPTER,51,0,0,0,CHAPTER,53,2,0,0,CHAPTER,53,0,0,0,CHAPTER,51,0,2,0,CHAPTER
12-Torino SO,BNI Nebbiolo,29,29,1,1,0,CHAPTER,28,0,1,0,CHAPTER,27,0,1,0,CHAPTER,28,1,0,0,CHAPTER,28,0,0,0,CHAPTER
12-Torino SO,BNI Newton,,,,,,,,,,,,,,,,,20,20,0,0,CHAPTER,22,2,0,0,CHAPTER
12-Torino SO,BNI Pinerolo,29,30,2,1,0,CHAPTER,31,1,0,0,CHAPTER,31,0,0,0,CHAPTER,32,1,0,0,CHAPTER,34,2,0,0,CHAPTER
12-Torino SO,BNI Power,37,36,0,1,0,CHAPTER,37,1,0,0,CHAPTER,37,0,0,0,CHAPTER,36,1,2,0,CHAPTER,36,0,0,0,CHAPTER
12-Torino SO,BNI Torino,50,48,1,3,0,CHAPTER,42,2,8,0,CHAPTER,36,1,7,0,CHAPTER,37,1,0,0,CHAPTER,36,0,1,0,CHAPTER
12-Torino SO,BNI Val Sangone,30,32,2,0,0,CHAPTER,32,1,1,0,CHAPTER,30,0,2,0,CHAPTER,31,2,1,0,CHAPTER,32,1,0,0,CHAPTER
12-Torino SO,BNI Valore,30,29,0,1,0,CHAPTER,28,0,1,0,CHAPTER,27,0,1,0,CHAPTER,27,0,0,0,CHAPTER,27,1,1,0,CHAPTER
12-Torino SO,BNI Young Under 33,21,20,1,2,0,CHAPTER,20,0,0,0,CHAPTER,16,0,4,0,CHAPTER,0,0,16,0,CORE_GRUP,,,,,
13-Piemonte N-Valle D'Aosta,BNI 3 laghi,30,31,2,1,0,CHAPTER,31,0,0,0,CHAPTER,32,2,1,0,CHAPTER,31,0,1,0,CHAPTER,34,3,0,0,CHAPTER
13-Piemonte N-Valle D'Aosta,BNI Airone,46,46,0,0,0,CHAPTER,47,2,1,0,CHAPTER,49,2,0,0,CHAPTER,49,0,0,0,CHAPTER,48,1,2,0,CHAPTER
13-Piemonte N-Valle D'Aosta,BNI Biella,34,36,2,0,0,CHAPTER,37,1,0,0,CHAPTER,37,1,1,0,CHAPTER,35,0,2,0,CHAPTER,35,3,3,0,CHAPTER
13-Piemonte N-Valle D'Aosta,BNI Cinque Campane,28,31,3,0,0,CHAPTER,31,0,0,0,CHAPTER,31,0,0,0,CHAPTER,31,0,0,0,CHAPTER,29,0,2,0,CHAPTER
13-Piemonte N-Valle D'Aosta,BNI Futura,35,32,0,3,0,CHAPTER,30,0,2,0,CHAPTER,28,0,2,0,CHAPTER,30,3,1,0,CHAPTER,28,0,2,0,CHAPTER
13-Piemonte N-Valle D'Aosta,BNI Il Ponte di Galliate,,0,0,0,30,CORE_GRUP,0,0,0,30,CORE_GRUP,0,0,0,30,CORE_GRUP,0,0,0,30,CORE_GRUP,0,0,0,30,CORE_GRUP
13-Piemonte N-Valle D'Aosta,BNI Il Rosa,35,36,1,0,0,CHAPTER,35,0,1,0,CHAPTER,35,0,0,0,CHAPTER,35,1,1,0,CHAPTER,34,0,1,0,CHAPTER
13-Piemonte N-Valle D'Aosta,BNI Le Colline,28,28,0,0,0,CHAPTER,27,0,1,0,CHAPTER,27,0,0,0,CHAPTER,27,0,0,0,CHAPTER,25,1,3,0,CHAPTER
13-Piemonte N-Valle D'Aosta,BNI Lumiere,24,23,0,1,0,CHAPTER,24,1,0,0,CHAPTER,25,1,0,0,CHAPTER,24,0,1,0,CHAPTER,24,0,0,0,CHAPTER
13-Piemonte N-Valle D'Aosta,BNI Monte Bianco,27,27,0,0,0,CHAPTER,26,0,1,0,CHAPTER,26,0,0,0,CHAPTER,26,1,1,0,CHAPTER,26,1,1,0,CHAPTER
13-Piemonte N-Valle D'Aosta,BNI Oxilia,,0,0,0,17,CORE_GRUP,0,0,0,17,CORE_GRUP,0,0,0,17,CORE_GRUP,0,0,0,17,CORE_GRUP,0,0,0,17,CORE_GRUP
13-Piemonte N-Valle D'Aosta,BNI San Carlo,14,0,0,14,0,CHAPTER,,,,,,,,,,,,,,,,,,,,
13-Piemonte N-Valle D'Aosta,BNI Ticino,22,23,2,1,0,CHAPTER,21,0,2,0,CHAPTER,20,0,1,0,CHAPTER,18,1,3,0,CHAPTER,20,3,1,0,CHAPTER
13-Piemonte N-Valle D'Aosta,BNI Villa Cicogna,,0,0,0,12,CORE_GRUP,0,0,0,12,CORE_GRUP,0,0,0,12,CORE_GRUP,0,0,0,12,CORE_GRUP,0,0,0,12,CORE_GRUP
14-Piemonte Sud,BNI 100 Torri d'Asti,,0,0,0,3,CORE_GRUP,0,0,0,3,CORE_GRUP,0,0,0,3,CORE_GRUP,0,0,0,3,CORE_GRUP,0,0,0,3,CORE_GRUP
14-Piemonte Sud,BNI Acaja,32,34,2,0,0,CHAPTER,34,0,0,0,CHAPTER,34,1,1,0,CHAPTER,31,0,3,0,CHAPTER,31,1,1,0,CHAPTER
14-Piemonte Sud,BNI Albatross,26,25,0,1,0,CHAPTER,25,0,0,0,CHAPTER,25,0,0,0,CHAPTER,26,2,1,0,CHAPTER,25,0,1,0,CHAPTER
14-Piemonte Sud,BNI Alfieri,20,19,0,1,0,CHAPTER,21,2,0,0,CHAPTER,21,0,0,0,CHAPTER,21,0,0,0,CHAPTER,21,0,0,0,CHAPTER
14-Piemonte Sud,BNI ATHENA,25,28,3,0,0,CHAPTER,32,4,0,0,CHAPTER,32,0,0,0,CHAPTER,32,0,0,0,CHAPTER,32,0,0,0,CHAPTER
14-Piemonte Sud,BNI Augusta,23,25,2,0,0,CHAPTER,24,0,1,0,CHAPTER,24,0,0,0,CHAPTER,24,0,0,0,CHAPTER,24,0,0,0,CHAPTER
14-Piemonte Sud,BNI Barbera,53,54,1,0,0,CHAPTER,55,1,0,0,CHAPTER,54,1,2,0,CHAPTER,56,2,0,0,CHAPTER,56,0,0,0,CHAPTER
14-Piemonte Sud,BNI Belvedere,48,50,2,0,0,CHAPTER,53,4,1,0,CHAPTER,51,0,2,0,CHAPTER,49,0,2,0,CHAPTER,50,1,0,0,CHAPTER
14-Piemonte Sud,BNI Bisalta,39,39,1,1,0,CHAPTER,40,1,0,0,CHAPTER,40,1,1,0,CHAPTER,37,0,3,0,CHAPTER,39,2,0,0,CHAPTER
14-Piemonte Sud,BNI CAMILLO BENSO,,0,0,0,13,CORE_GRUP,0,0,0,13,CORE_GRUP,0,0,0,13,CORE_GRUP,0,0,0,13,CORE_GRUP,0,0,0,13,CORE_GRUP
14-Piemonte Sud,BNI Cardo Gobbo,25,25,0,0,0,CHAPTER,23,1,3,0,CHAPTER,20,1,4,0,CHAPTER,19,0,1,0,CHAPTER,19,0,0,0,CHAPTER
14-Piemonte Sud,BNI Cassiopea,12,11,1,2,0,CHAPTER,0,0,11,0,CORE_GRUP,0,0,0,0,CORE_GRUP,0,0,0,0,CORE_GRUP,0,0,0,0,CORE_GRUP
14-Piemonte Sud,BNI Castagna,19,20,1,0,0,CHAPTER,21,1,0,0,CHAPTER,22,1,0,0,CHAPTER,23,1,0,0,CHAPTER,22,0,1,0,CHAPTER
14-Piemonte Sud,BNI Cheese,32,33,2,1,0,CHAPTER,33,0,0,0,CHAPTER,33,0,0,0,CHAPTER,32,0,1,0,CHAPTER,32,0,0,0,CHAPTER
14-Piemonte Sud,BNI Cicogna Bianca,24,21,0,3,0,CHAPTER,20,0,1,0,CHAPTER,19,0,1,0,CHAPTER,19,0,0,0,CHAPTER,20,1,0,0,CHAPTER
14-Piemonte Sud,BNI Eagle,25,26,1,0,0,CHAPTER,25,0,1,0,CHAPTER,26,2,1,0,CHAPTER,26,0,0,0,CHAPTER,24,0,2,0,CHAPTER
14-Piemonte Sud,BNI Ghironda,32,32,0,0,0,CHAPTER,33,2,1,0,CHAPTER,33,0,0,0,CHAPTER,30,0,3,0,CHAPTER,33,3,0,0,CHAPTER
14-Piemonte Sud,BNI Giorgio Faletti,43,42,0,1,0,CHAPTER,44,2,0,0,CHAPTER,44,0,0,0,CHAPTER,45,1,0,0,CHAPTER,45,0,0,0,CHAPTER
14-Piemonte Sud,BNI Hole in one,,0,0,0,0,CORE_GRUP,0,0,0,0,CORE_GRUP,0,0,0,0,CORE_GRUP,0,0,0,0,CORE_GRUP,0,0,0,0,CORE_GRUP
14-Piemonte Sud,BNI Il Forte,,0,0,0,5,CORE_GRUP,0,0,0,5,CORE_GRUP,0,0,0,5,CORE_GRUP,0,0,0,5,CORE_GRUP,0,0,0,5,CORE_GRUP
14-Piemonte Sud,BNI La Granda,39,38,2,3,0,CHAPTER,38,1,1,0,CHAPTER,38,0,0,0,CHAPTER,38,1,1,0,CHAPTER,39,1,0,0,CHAPTER
14-Piemonte Sud,BNI Langa e Monferrato,,0,0,0,21,CORE_GRUP,0,0,0,21,CORE_GRUP,0,0,0,21,CORE_GRUP,0,0,0,21,CORE_GRUP,0,0,0,21,CORE_GRUP
14-Piemonte Sud,BNI Mariola,17,21,4,0,0,CHAPTER,20,0,1,0,CHAPTER,21,1,0,0,CHAPTER,22,1,0,0,CHAPTER,22,0,0,0,CHAPTER
14-Piemonte Sud,BNI Morè,,0,0,0,8,CORE_GRUP,0,0,0,8,CORE_GRUP,0,0,0,8,CORE_GRUP,0,0,0,8,CORE_GRUP,0,0,0,8,CORE_GRUP
14-Piemonte Sud,BNI Palio d'Asti,36,37,2,1,0,CHAPTER,35,0,2,0,CHAPTER,35,0,0,0,CHAPTER,34,0,1,0,CHAPTER,35,1,0,0,CHAPTER
14-Piemonte Sud,BNI Porta delle Langhe,33,33,0,0,0,CHAPTER,33,0,0,0,CHAPTER,33,0,0,0,CHAPTER,34,1,0,0,CHAPTER,33,0,1,0,CHAPTER
14-Piemonte Sud,BNI Savoia,49,49,1,1,0,CHAPTER,49,1,1,0,CHAPTER,45,0,4,0,CHAPTER,45,0,0,0,CHAPTER,43,0,2,0,CHAPTER
14-Piemonte Sud,BNI Tartufo,33,33,0,0,0,CHAPTER,34,1,0,0,CHAPTER,32,0,2,0,CHAPTER,33,1,0,0,CHAPTER,31,0,2,0,CHAPTER
14-Piemonte Sud,BNI Terra dei Santi,20,21,2,1,0,CHAPTER,20,0,1,0,CHAPTER,19,0,1,0,CHAPTER,20,1,0,0,CHAPTER,20,0,0,0,CHAPTER
14-Piemonte Sud,BNI Visol,56,58,3,1,0,CHAPTER,57,0,1,0,CHAPTER,54,0,3,0,CHAPTER,53,0,1,0,CHAPTER,51,0,2,0,CHAPTER
15-Alessandria,BNI Aleramo,34,33,0,1,0,CHAPTER,33,1,1,0,CHAPTER,30,0,3,0,CHAPTER,28,0,2,0,CHAPTER,29,1,0,0,CHAPTER
15-Alessandria,BNI Cittadella,24,29,5,0,0,CHAPTER,32,3,0,0,CHAPTER,32,0,0,0,CHAPTER,32,0,0,0,CHAPTER,32,0,0,0,CHAPTER
15-Alessandria,BNI Derthona,,0,0,0,7,CORE_GRUP,0,0,0,7,CORE_GRUP,0,0,0,7,CORE_GRUP,0,0,0,7,CORE_GRUP,0,0,0,7,CORE_GRUP
15-Alessandria,BNI Enterprise,,0,0,0,12,CORE_GRUP,0,0,0,12,CORE_GRUP,0,0,0,12,CORE_GRUP,0,0,0,12,CORE_GRUP,0,0,0,12,CORE_GRUP
15-Alessandria,BNI La Bollente,39,34,2,7,0,CHAPTER,34,0,0,0,CHAPTER,34,0,0,0,CHAPTER,32,0,2,0,CHAPTER,29,0,3,0,CHAPTER
15-Alessandria,BNI Marengo,14,14,0,0,0,CHAPTER,14,0,0,0,CHAPTER,16,2,0,0,CHAPTER,16,0,0,0,CHAPTER,18,3,1,0,CHAPTER
16-Genova,BNI Andalò,17,16,0,1,0,CHAPTER,18,2,0,0,CHAPTER,18,0,0,0,CHAPTER,16,0,2,0,CHAPTER,17,1,0,0,CHAPTER
16-Genova,BNI Collection,,0,0,0,13,CORE_GRUP,0,0,0,13,CORE_GRUP,0,0,0,13,CORE_GRUP,0,0,0,13,CORE_GRUP,0,0,0,13,CORE_GRUP
16-Genova,BNI Genovino,,0,0,0,1,CORE_GRUP,0,0,0,1,CORE_GRUP,0,0,0,1,CORE_GRUP,0,0,0,1,CORE_GRUP,0,0,0,1,CORE_GRUP
16-Genova,BNI Levante (Queen Elizabeth),18,15,0,3,0,CHAPTER,14,0,1,0,CHAPTER,20,7,1,0,CHAPTER,18,0,2,0,CHAPTER,18,1,1,0,CHAPTER
16-Genova,BNI Minotauro,18,19,1,0,0,CHAPTER,19,0,0,0,CHAPTER,18,0,1,0,CHAPTER,18,0,0,0,CHAPTER,18,0,0,0,CHAPTER
16-Genova,BNI Pantera,21,20,0,1,0,CHAPTER,21,1,0,0,CHAPTER,21,0,0,0,CHAPTER,23,2,0,0,CHAPTER,25,2,0,0,CHAPTER
16-Genova,BNI Pleiadi,40,36,0,4,0,CHAPTER,37,1,0,0,CHAPTER,37,0,0,0,CHAPTER,33,2,6,0,CHAPTER,34,1,0,0,CHAPTER
16-Genova,BNI Sextum,16,14,0,2,0,CHAPTER,15,1,0,0,CHAPTER,15,1,1,0,CHAPTER,15,0,0,0,CHAPTER,13,1,3,0,CHAPTER
16-Genova,BNI Vittoria,37,37,0,0,0,CHAPTER,37,0,0,0,CHAPTER,36,0,1,0,CHAPTER,36,0,0,0,CHAPTER,34,0,2,0,CHAPTER
17-Riviere Liguri,BNI Gallinara,34,35,1,0,0,CHAPTER,36,1,0,0,CHAPTER,37,1,0,0,CHAPTER,35,0,2,0,CHAPTER,35,0,0,0,CHAPTER
17-Riviere Liguri,BNI Il Maestrale,,0,0,0,20,CORE_GRUP,0,0,0,20,CORE_GRUP,0,0,0,20,CORE_GRUP,0,0,0,20,CORE_GRUP,0,0,0,20,CORE_GRUP
17-Riviere Liguri,BNI Impero,34,34,0,0,0,CHAPTER,34,0,0,0,CHAPTER,32,0,2,0,CHAPTER,33,1,0,0,CHAPTER,33,0,0,0,CHAPTER
17-Riviere Liguri,BNI Priamar,25,26,1,0,0,CHAPTER,26,1,0,0,CHAPTER,24,0,2,0,CHAPTER,23,1,2,0,CHAPTER,23,1,1,0,CHAPTER
17-Riviere Liguri,BNI Sanremo,33,35,2,0,0,CHAPTER,33,0,0,0,CHAPTER,35,2,0,0,CHAPTER,35,0,0,0,CHAPTER,33,0,2,0,CHAPTER
17-Riviere Liguri,BNI ValBormida,21,21,0,0,0,CHAPTER,21,0,0,0,CHAPTER,21,0,0,0,CHAPTER,20,0,1,0,CHAPTER,19,0,1,0,CHAPTER
21-Milano N,BNI Astoria,,0,0,0,13,CORE_GRUP,0,0,0,13,CORE_GRUP,0,0,0,13,CORE_GRUP,0,0,0,13,CORE_GRUP,0,0,0,13,CORE_GRUP
21-Milano N,BNI Carroccio,20,20,0,0,0,CHAPTER,20,0,0,0,CHAPTER,19,0,1,0,CHAPTER,20,2,1,0,CHAPTER,19,0,1,0,CHAPTER
21-Milano N,BNI Centrale,42,41,0,1,0,CHAPTER,42,1,0,0,CHAPTER,40,0,2,0,CHAPTER,36,0,4,0,CHAPTER,33,0,3,0,CHAPTER
21-Milano N,BNI Certosa,24,23,0,1,0,CHAPTER,22,0,1,0,CHAPTER,22,0,0,0,CHAPTER,22,3,3,0,CHAPTER,22,1,1,0,CHAPTER
21-Milano N,BNI Challenge,17,16,0,1,0,CHAPTER,18,2,0,0,CHAPTER,18,0,0,0,CHAPTER,28,12,2,0,CHAPTER,26,2,4,0,CHAPTER
21-Milano N,BNI CityLife,,,,,,,,,,,,25,26,1,0,CHAPTER,22,2,5,0,CHAPTER,23,1,0,0,CHAPTER
21-Milano N,BNI Communion,32,31,1,2,0,CHAPTER,31,0,0,0,CHAPTER,29,0,2,0,CHAPTER,28,0,1,0,CHAPTER,26,0,2,0,CHAPTER
21-Milano N,BNI Corniolo,47,46,0,1,0,CHAPTER,50,4,0,0,CHAPTER,52,2,0,0,CHAPTER,52,1,1,0,CHAPTER,51,3,4,0,CHAPTER
21-Milano N,BNI Fa-Rho Business,,0,0,2,0,CORE_GRUP,0,0,2,0,CORE_GRUP,0,0,0,0,CORE_GRUP,0,0,0,0,CORE_GRUP,0,0,0,0,CORE_GRUP
21-Milano N,BNI Happy Hour,23,23,0,0,0,CHAPTER,23,0,0,0,CHAPTER,21,0,2,0,CHAPTER,21,0,0,0,CHAPTER,22,1,0,0,CHAPTER
21-Milano N,BNI L'Aresino,35,36,1,0,0,CHAPTER,36,0,0,0,CHAPTER,37,1,0,0,CHAPTER,36,0,1,0,CHAPTER,36,0,0,0,CHAPTER
21-Milano N,BNI Le Contrade,21,23,2,0,0,CHAPTER,23,0,0,0,CHAPTER,23,1,1,0,CHAPTER,23,0,0,0,CHAPTER,21,0,2,0,CHAPTER
21-Milano N,BNI Livingston,,,,,,,,,,,,,,,,,,,,,,26,27,1,0,CHAPTER
21-Milano N,BNI Maggiolini,35,35,0,0,0,CHAPTER,34,2,3,0,CHAPTER,34,0,0,0,CHAPTER,34,0,0,0,CHAPTER,33,0,1,0,CHAPTER
21-Milano N,BNI OreTredici,,0,0,0,5,CORE_GRUP,0,0,0,5,CORE_GRUP,0,0,0,5,CORE_GRUP,0,0,0,5,CORE_GRUP,0,0,0,5,CORE_GRUP
21-Milano N,BNI Palio,29,30,1,0,0,CHAPTER,30,0,0,0,CHAPTER,31,1,0,0,CHAPTER,31,0,0,0,CHAPTER,29,0,2,0,CHAPTER
21-Milano N,BNI R - Evolution,28,28,0,0,0,CHAPTER,31,4,1,0,CHAPTER,31,0,0,0,CHAPTER,24,0,7,0,CHAPTER,25,1,0,0,CHAPTER
21-Milano N,BNI Relactionship,16,14,1,3,0,CHAPTER,16,3,1,0,CHAPTER,16,0,0,0,CHAPTER,2,0,14,0,CHAPTER,2,0,0,0,CHAPTER
21-Milano N,BNI Sempione,21,22,2,1,0,CHAPTER,22,0,0,0,CHAPTER,22,0,0,0,CHAPTER,22,0,0,0,CHAPTER,21,1,2,0,CHAPTER
21-Milano N,BNI Sforzesco,,0,0,0,12,CORE_GRUP,0,0,0,12,CORE_GRUP,0,0,0,12,CORE_GRUP,0,0,0,12,CORE_GRUP,0,0,0,12,CORE_GRUP
21-Milano N,BNI Taaac,26,27,1,0,0,CHAPTER,29,2,0,0,CHAPTER,29,0,0,0,CHAPTER,28,0,1,0,CHAPTER,28,0,0,0,CHAPTER
21-Milano N,BNI Villa Litta,23,23,0,0,0,CHAPTER,24,1,0,0,CHAPTER,25,1,0,0,CHAPTER,26,1,0,0,CHAPTER,25,0,1,0,CHAPTER
21-Milano N,BNI Villoresi,20,20,0,0,0,CHAPTER,20,0,0,0,CHAPTER,20,0,0,0,CHAPTER,20,0,0,0,CHAPTER,20,0,0,0,CHAPTER
22-Milano SE,BNI 5 Giornate,26,27,2,1,0,CHAPTER,26,0,1,0,CHAPTER,27,1,0,0,CHAPTER,21,2,8,0,CHAPTER,22,1,0,0,CHAPTER
22-Milano SE,BNI Ariete,,0,0,0,15,CORE_GRUP,0,0,0,15,CORE_GRUP,0,0,0,15,CORE_GRUP,0,0,0,15,CORE_GRUP,0,0,0,15,CORE_GRUP
22-Milano SE,BNI Bocconi,32,32,0,0,0,CHAPTER,33,1,0,0,CHAPTER,33,0,0,0,CHAPTER,32,0,1,0,CHAPTER,23,2,11,0,CHAPTER
22-Milano SE,BNI Bramante,,0,0,0,15,CORE_GRUP,0,0,0,15,CORE_GRUP,0,0,0,15,CORE_GRUP,0,0,0,15,CORE_GRUP,0,0,0,15,CORE_GRUP
22-Milano SE,BNI Brera Business,,0,0,0,10,CORE_GRUP,0,0,0,10,CORE_GRUP,0,0,0,10,CORE_GRUP,0,0,0,10,CORE_GRUP,0,0,0,10,CORE_GRUP
22-Milano SE,BNI Buenos Aires,27,26,0,1,0,CHAPTER,26,0,0,0,CHAPTER,26,0,0,0,CHAPTER,26,1,1,0,CHAPTER,26,1,1,0,CHAPTER
22-Milano SE,BNI Cernusco sul Naviglio,11,0,0,11,0,CHAPTER,0,0,0,0,CORE_GRUP,0,0,0,0,CORE_GRUP,0,0,0,0,CORE_GRUP,0,0,0,0,CORE_GRUP
22-Milano SE,BNI Città Studi,25,26,1,0,0,CHAPTER,26,0,0,0,CHAPTER,26,0,0,0,CHAPTER,25,0,1,0,CHAPTER,26,2,1,0,CHAPTER
22-Milano SE,BNI Duomo,26,25,0,1,0,CHAPTER,26,2,1,0,CHAPTER,26,0,0,0,CHAPTER,24,1,3,0,CHAPTER,25,1,0,0,CHAPTER
22-Milano SE,BNI Gorgonzola,28,27,0,1,0,CHAPTER,27,0,0,0,CHAPTER,27,0,0,0,CHAPTER,27,1,1,0,CHAPTER,25,1,3,0,CHAPTER
22-Milano SE,BNI I Valori,19,18,0,1,0,CHAPTER,18,0,0,0,CHAPTER,18,1,1,0,CHAPTER,18,1,1,0,CHAPTER,19,1,0,0,CHAPTER
22-Milano SE,BNI L'ora giusta,21,21,0,0,0,CHAPTER,21,0,0,0,CHAPTER,20,0,1,0,CHAPTER,20,0,0,0,CHAPTER,18,0,2,0,CHAPTER
22-Milano SE,BNI Lambro,22,25,3,0,0,CHAPTER,24,0,1,0,CHAPTER,24,0,0,0,CHAPTER,25,1,0,0,CHAPTER,25,0,0,0,CHAPTER
22-Milano SE,Bni Milano,,0,0,0,11,CORE_GRUP,0,0,0,11,CORE_GRUP,0,0,0,11,CORE_GRUP,0,0,0,11,CORE_GRUP,0,0,0,11,CORE_GRUP
22-Milano SE,BNI Milano Business Lunch,30,32,2,0,0,CHAPTER,31,1,2,0,CHAPTER,30,0,1,0,CHAPTER,28,0,2,0,CHAPTER,28,0,0,0,CHAPTER
22-Milano SE,BNI Orefici,32,33,1,0,0,CHAPTER,34,1,0,0,CHAPTER,33,0,1,0,CHAPTER,33,1,1,0,CHAPTER,34,1,0,0,CHAPTER
22-Milano SE,BNI Porta Venezia,,0,0,0,3,CORE_GRUP,0,0,0,3,CORE_GRUP,0,0,0,3,CORE_GRUP,0,0,0,3,CORE_GRUP,0,0,0,3,CORE_GRUP
22-Milano SE,BNI Primavera,18,18,1,1,0,CHAPTER,19,1,0,0,CHAPTER,17,0,2,0,CHAPTER,17,1,1,0,CHAPTER,18,1,0,0,CHAPTER
22-Milano SE,BNI Rosso di sera,25,25,0,0,0,CHAPTER,25,0,0,0,CHAPTER,25,0,0,0,CHAPTER,25,0,0,0,CHAPTER,24,0,1,0,CHAPTER
22-Milano SE,BNI Segrate,25,25,0,0,0,CHAPTER,27,2,0,0,CHAPTER,27,0,0,0,CHAPTER,26,0,1,0,CHAPTER,26,0,0,0,CHAPTER
22-Milano SE,BNI Trezzo d'Adda,,0,0,0,1,CORE_GRUP,0,0,0,1,CORE_GRUP,0,0,0,1,CORE_GRUP,0,0,0,1,CORE_GRUP,0,0,0,1,CORE_GRUP
23-Milano SO,BNI De Amicis,27,28,1,0,0,CHAPTER,28,0,0,0,CHAPTER,28,0,0,0,CHAPTER,28,0,0,0,CHAPTER,26,0,2,0,CHAPTER
23-Milano SO,BNI di Malta,29,30,1,0,0,CHAPTER,30,1,1,0,CHAPTER,28,0,2,0,CHAPTER,28,1,1,0,CHAPTER,30,2,0,0,CHAPTER
23-Milano SO,BNI F.I.G.O.,,37,38,1,0,CORE_GRUP,40,4,1,0,CHAPTER,38,0,2,0,CHAPTER,37,0,1,0,CHAPTER,37,1,1,0,CHAPTER
23-Milano SO,BNI La hora feliz,19,20,1,0,0,CHAPTER,20,0,0,0,CHAPTER,20,0,0,0,CHAPTER,20,0,0,0,CHAPTER,20,0,0,0,CHAPTER
23-Milano SO,BNI Leonardo,19,19,0,0,0,CHAPTER,15,0,4,0,CHAPTER,15,0,0,0,CHAPTER,15,0,0,0,CHAPTER,1,0,14,0,CHAPTER
23-Milano SO,BNI Madonnina,19,20,1,0,0,CHAPTER,20,0,0,0,CHAPTER,20,0,0,0,CHAPTER,20,0,0,0,CHAPTER,20,0,0,0,CHAPTER
23-Milano SO,BNI Palestro,18,17,2,3,0,CHAPTER,17,0,0,0,CHAPTER,18,1,0,0,CHAPTER,18,0,0,0,CHAPTER,17,0,1,0,CHAPTER
23-Milano SO,BNI Tagiura,,17,9,1,0,CORE_GRUP,17,0,0,0,CHAPTER,16,0,1,0,CHAPTER,18,2,0,0,CHAPTER,19,2,1,0,CHAPTER
23B-Milano Prov SO,BNI 4.0,,0,0,0,11,CORE_GRUP,0,0,0,11,CORE_GRUP,0,0,0,11,CORE_GRUP,0,0,0,11,CORE_GRUP,0,0,0,11,CORE_GRUP
23B-Milano Prov SO,BNI Beta,,,,,,,,,,,,,,,,,,,,,,23,24,1,0,CHAPTER
23B-Milano Prov SO,BNI Quintessenza,25,24,0,1,0,CHAPTER,24,0,0,0,CHAPTER,24,0,0,0,CHAPTER,24,0,0,0,CHAPTER,24,1,1,0,CHAPTER
23B-Milano Prov SO,BNI San Martino Magenta,35,35,0,0,0,CHAPTER,34,1,2,0,CHAPTER,34,0,0,0,CHAPTER,34,0,0,0,CHAPTER,34,0,0,0,CHAPTER
23B-Milano Prov SO,BNI Visconti,,0,0,0,4,CORE_GRUP,0,0,0,4,CORE_GRUP,0,0,0,4,CORE_GRUP,0,0,0,4,CORE_GRUP,0,0,0,4,CORE_GRUP
23B-Milano Prov SO,BNI Zingone,,0,0,0,1,CORE_GRUP,0,0,0,1,CORE_GRUP,0,0,0,1,CORE_GRUP,0,0,0,1,CORE_GRUP,0,0,0,1,CORE_GRUP
24-Monza Brianza,Alfa,,0,0,0,15,CORE_GRUP,0,0,0,15,CORE_GRUP,0,0,0,15,CORE_GRUP,0,0,0,15,CORE_GRUP,0,0,0,15,CORE_GRUP
24-Monza Brianza,BNI Alta Gamma,18,18,0,0,0,CHAPTER,18,0,0,0,CHAPTER,18,0,0,0,CHAPTER,20,2,0,0,CHAPTER,21,1,0,0,CHAPTER
24-Monza Brianza,BNI B-Est,36,38,2,0,0,CHAPTER,39,1,0,0,CHAPTER,37,0,2,0,CHAPTER,35,0,2,0,CHAPTER,35,0,0,0,CHAPTER
24-Monza Brianza,BNI Barbarossa,48,50,3,1,0,CHAPTER,51,1,0,0,CHAPTER,50,0,1,0,CHAPTER,48,0,2,0,CHAPTER,48,0,0,0,CHAPTER
24-Monza Brianza,BNI Blue Diamond,37,37,0,0,0,CHAPTER,39,2,0,0,CHAPTER,39,0,0,0,CHAPTER,39,0,0,0,CHAPTER,38,0,1,0,CHAPTER
24-Monza Brianza,BNI Borromeo,30,29,0,1,0,CHAPTER,30,1,0,0,CHAPTER,29,0,1,0,CHAPTER,26,0,3,0,CHAPTER,23,0,3,0,CHAPTER
24-Monza Brianza,BNI Brianza,18,18,0,0,0,CHAPTER,17,0,1,0,CHAPTER,17,0,0,0,CHAPTER,17,0,0,0,CHAPTER,17,0,0,0,CHAPTER
24-Monza Brianza,BNI Ercole,24,23,0,1,0,CHAPTER,27,4,0,0,CHAPTER,26,0,1,0,CHAPTER,24,0,2,0,CHAPTER,25,1,0,0,CHAPTER
24-Monza Brianza,BNI Le Fornaci,,0,0,0,1,CORE_GRUP,0,0,0,1,CORE_GRUP,0,0,0,1,CORE_GRUP,0,0,0,1,CORE_GRUP,0,0,0,1,CORE_GRUP
24-Monza Brianza,BNI Monza Centro,21,19,0,2,0,CHAPTER,22,3,0,0,CHAPTER,23,1,0,0,CHAPTER,21,0,2,0,CHAPTER,22,1,0,0,CHAPTER
24-Monza Brianza,BNI Teodolinda,24,26,2,0,0,CHAPTER,24,1,3,0,CHAPTER,25,1,0,0,CHAPTER,24,0,1,0,CHAPTER,24,0,0,0,CHAPTER
24-Monza Brianza,Buonarroti,,0,0,0,15,CORE_GRUP,0,0,0,15,CORE_GRUP,0,0,0,15,CORE_GRUP,0,0,0,15,CORE_GRUP,0,0,0,15,CORE_GRUP
25-Varese,BNI AdSextum,,0,0,0,22,CORE_GRUP,0,0,0,22,CORE_GRUP,0,0,0,22,CORE_GRUP,0,0,0,22,CORE_GRUP,0,0,0,22,CORE_GRUP
25-Varese,BNI Alfredo Binda,35,38,3,0,0,CHAPTER,40,2,0,0,CHAPTER,40,1,1,0,CHAPTER,40,0,0,0,CHAPTER,41,1,0,0,CHAPTER
25-Varese,BNI Broletto,31,31,0,0,0,CHAPTER,32,1,0,0,CHAPTER,31,0,1,0,CHAPTER,31,0,0,0,CHAPTER,31,0,0,0,CHAPTER
25-Varese,BNI Castello,35,34,0,1,0,CHAPTER,34,0,0,0,CHAPTER,34,0,0,0,CHAPTER,33,0,1,0,CHAPTER,33,0,0,0,CHAPTER
25-Varese,BNI Frera,,0,0,0,11,CORE_GRUP,0,0,0,11,CORE_GRUP,0,0,0,11,CORE_GRUP,0,0,0,11,CORE_GRUP,0,0,0,11,CORE_GRUP
25-Varese,BNI Gallo Rosso,20,23,3,0,0,CHAPTER,25,2,0,0,CHAPTER,23,0,2,0,CHAPTER,23,0,0,0,CHAPTER,23,0,0,0,CHAPTER
25-Varese,BNI Giardino,24,24,0,0,0,CHAPTER,23,0,1,0,CHAPTER,21,0,2,0,CHAPTER,22,1,0,0,CHAPTER,23,1,0,0,CHAPTER
25-Varese,BNI La Rondine,20,20,0,0,0,CHAPTER,8,0,12,0,CHAPTER,7,0,1,0,CHAPTER,3,0,4,0,CHAPTER,3,0,0,0,CHAPTER
25-Varese,BNI MatchPoint,,0,0,0,13,CORE_GRUP,0,0,0,13,CORE_GRUP,0,0,0,13,CORE_GRUP,0,0,0,13,CORE_GRUP,0,0,0,13,CORE_GRUP
25-Varese,BNI Risorgimento (Seprio),16,16,0,0,0,CHAPTER,23,8,1,0,CHAPTER,23,0,0,0,CHAPTER,19,0,4,0,CHAPTER,19,0,0,0,CHAPTER
25-Varese,BNI Sacro Monte,51,51,0,0,0,CHAPTER,51,0,0,0,CHAPTER,46,0,5,0,CHAPTER,49,3,0,0,CHAPTER,49,1,1,0,CHAPTER
25-Varese,BNI Valceresio,,0,0,0,15,CORE_GRUP,0,0,0,15,CORE_GRUP,0,0,0,15,CORE_GRUP,0,0,0,15,CORE_GRUP,0,0,0,15,CORE_GRUP
26-Lombardia N,BNI Alta Brianza,33,37,4,0,0,CHAPTER,37,0,0,0,CHAPTER,37,0,0,0,CHAPTER,32,0,5,0,CHAPTER,29,0,3,0,CHAPTER
26-Lombardia N,BNI Breva e Tivano,22,28,6,0,0,CHAPTER,28,0,0,0,CHAPTER,28,0,0,0,CHAPTER,28,1,1,0,CHAPTER,26,0,2,0,CHAPTER
26-Lombardia N,BNI Cantù Galliano,26,24,1,3,0,CHAPTER,23,0,1,0,CHAPTER,23,0,0,0,CHAPTER,23,0,0,0,CHAPTER,22,0,1,0,CHAPTER
26-Lombardia N,BNI Como Uno,39,39,1,1,0,CHAPTER,38,0,1,0,CHAPTER,35,0,3,0,CHAPTER,33,0,2,0,CHAPTER,32,0,1,0,CHAPTER
26-Lombardia N,BNI Convivio,,0,0,0,1,CORE_GRUP,0,0,0,1,CORE_GRUP,0,0,0,1,CORE_GRUP,0,0,0,1,CORE_GRUP,0,0,0,1,CORE_GRUP
26-Lombardia N,BNI Erba1,32,32,0,0,0,CHAPTER,32,0,0,0,CHAPTER,33,1,0,0,CHAPTER,34,1,0,0,CHAPTER,33,0,1,0,CHAPTER
26-Lombardia N,BNI Gaudenzia,22,22,0,0,0,CHAPTER,22,0,0,0,CHAPTER,22,0,0,0,CHAPTER,22,0,0,0,CHAPTER,24,2,0,0,CHAPTER
26-Lombardia N,BNI Guzzi,,0,0,0,3,CORE_GRUP,0,0,0,3,CORE_GRUP,0,0,0,3,CORE_GRUP,0,0,0,3,CORE_GRUP,0,0,0,3,CORE_GRUP
26-Lombardia N,BNI Insubria,29,28,1,2,0,CHAPTER,29,1,0,0,CHAPTER,28,0,1,0,CHAPTER,28,0,0,0,CHAPTER,25,0,3,0,CHAPTER
26-Lombardia N,BNI Legnone,37,38,1,0,0,CHAPTER,36,0,2,0,CHAPTER,33,0,3,0,CHAPTER,0,0,33,0,CORE_GRUP,,,,,
26-Lombardia N,BNI Manzoni,30,31,2,1,0,CHAPTER,32,1,0,0,CHAPTER,31,1,2,0,CHAPTER,31,0,0,0,CHAPTER,30,0,1,0,CHAPTER
26-Lombardia N,BNI Mariano Comense,31,32,1,0,0,CHAPTER,30,0,2,0,CHAPTER,30,1,1,0,CHAPTER,29,0,1,0,CHAPTER,29,0,0,0,CHAPTER
26-Lombardia N,BNI Merate,32,32,1,1,0,CHAPTER,33,1,0,0,CHAPTER,32,0,1,0,CHAPTER,30,0,2,0,CHAPTER,30,0,0,0,CHAPTER
26-Lombardia N,BNI Quasar 2.0,38,36,0,2,0,CHAPTER,35,0,1,0,CHAPTER,34,0,1,0,CHAPTER,35,1,0,0,CHAPTER,35,0,0,0,CHAPTER
26-Lombardia N,BNI Resegone,40,42,3,1,0,CHAPTER,43,1,0,0,CHAPTER,42,0,1,0,CHAPTER,41,0,1,0,CHAPTER,40,0,1,0,CHAPTER
26-Lombardia N,BNI Sirio,,0,0,0,0,CORE_GRUP,0,0,0,0,CORE_GRUP,0,0,0,0,CORE_GRUP,0,0,0,0,CORE_GRUP,0,0,0,0,CORE_GRUP
26-Lombardia N,BNI Sondrio,26,26,0,0,0,CHAPTER,0,1,27,0,CORE_GRUP,,,,,,,,,,,,,,,
26-Lombardia N,BNI Totem,,0,0,0,0,CORE_GRUP,0,0,0,0,CORE_GRUP,0,0,0,0,CORE_GRUP,0,0,0,0,CORE_GRUP,0,0,0,0,CORE_GRUP
26-Lombardia N,BNI Valchiavenna,25,25,0,0,0,CHAPTER,23,0,2,0,CHAPTER,21,0,2,0,CHAPTER,19,0,2,0,CHAPTER,20,1,0,0,CHAPTER
26-Lombardia N,BNI Valsassina,,,,,,,,,,,,,,,,,18,18,0,0,CHAPTER,19,1,0,0,CHAPTER
26-Lombardia N,BNI Valtellina,43,43,0,0,0,CHAPTER,43,0,0,0,CHAPTER,41,0,2,0,CHAPTER,37,0,4,0,CHAPTER,39,2,0,0,CHAPTER
26-Lombardia N,BNI Volta,40,41,2,1,0,CHAPTER,43,2,0,0,CHAPTER,43,0,0,0,CHAPTER,39,0,4,0,CHAPTER,37,0,2,0,CHAPTER
27-Lombardia S,BNI Cremona Amici Miei,48,50,2,0,0,CHAPTER,51,2,1,0,CHAPTER,48,2,5,0,CHAPTER,49,2,1,0,CHAPTER,49,1,1,0,CHAPTER
27-Lombardia S,BNI Da Vinci,28,27,1,2,0,CHAPTER,26,0,1,0,CHAPTER,25,1,2,0,CHAPTER,27,2,0,0,CHAPTER,28,1,0,0,CHAPTER
27-Lombardia S,BNI Galileo,47,47,0,0,0,CHAPTER,47,0,0,0,CHAPTER,46,0,1,0,CHAPTER,45,1,2,0,CHAPTER,46,1,0,0,CHAPTER
27-Lombardia S,BNI I Militi,24,25,1,0,0,CHAPTER,25,1,1,0,CHAPTER,26,1,0,0,CHAPTER,26,0,0,0,CHAPTER,31,5,0,0,CHAPTER
27-Lombardia S,BNI Il Ferrante,,0,0,0,9,CORE_GRUP,0,0,0,9,CORE_GRUP,0,0,0,9,CORE_GRUP,0,0,0,9,CORE_GRUP,0,0,0,9,CORE_GRUP
27-Lombardia S,BNI La Tavola Rotonda,24,22,1,3,0,CHAPTER,1,0,21,0,CHAPTER,20,19,0,0,CHAPTER,19,0,1,0,CHAPTER,20,1,0,0,CHAPTER
27-Lombardia S,BNI Ticinum,52,51,0,1,0,CHAPTER,51,0,0,0,CHAPTER,52,1,0,0,CHAPTER,52,0,0,0,CHAPTER,53,2,1,0,CHAPTER
27-Lombardia S,BNI Zelante,,0,0,0,6,CORE_GRUP,0,0,0,6,CORE_GRUP,0,0,0,6,CORE_GRUP,0,0,0,6,CORE_GRUP,0,0,0,6,CORE_GRUP
27-Lombardia S,Gutturnio,,0,0,0,15,CORE_GRUP,0,0,0,15,CORE_GRUP,0,0,0,15,CORE_GRUP,0,0,0,15,CORE_GRUP,0,0,0,15,CORE_GRUP
27-Lombardia S,SantaLucia,,0,0,0,8,CORE_GRUP,0,0,0,8,CORE_GRUP,0,0,0,8,CORE_GRUP,0,0,0,8,CORE_GRUP,0,0,0,8,CORE_GRUP
28-Bergamo,BNI Arlecchino,36,35,1,2,0,CHAPTER,34,0,1,0,CHAPTER,34,0,0,0,CHAPTER,33,0,1,0,CHAPTER,33,1,1,0,CHAPTER
28-Bergamo,BNI Bartolomeo Colleoni,25,25,0,0,0,CHAPTER,25,0,0,0,CHAPTER,26,1,0,0,CHAPTER,15,0,11,0,CHAPTER,22,11,4,0,CHAPTER
28-Bergamo,BNI Francesco Nullo,28,29,1,0,0,CHAPTER,30,2,1,0,CHAPTER,30,0,0,0,CHAPTER,25,1,6,0,CHAPTER,25,1,1,0,CHAPTER
28-Bergamo,BNI Giulio Natta,32,32,1,1,0,CHAPTER,34,2,0,0,CHAPTER,33,0,1,0,CHAPTER,31,0,2,0,CHAPTER,32,3,2,0,CHAPTER
28-Bergamo,BNI Isola,31,31,0,0,0,CHAPTER,32,1,0,0,CHAPTER,33,1,0,0,CHAPTER,32,0,1,0,CHAPTER,33,1,0,0,CHAPTER
28-Bergamo,BNI Lorenzo Lotto,,0,0,0,3,CORE_GRUP,0,0,0,3,CORE_GRUP,0,0,0,3,CORE_GRUP,0,0,0,3,CORE_GRUP,0,0,0,3,CORE_GRUP
28-Bergamo,BNI Manzù,32,33,1,0,0,CHAPTER,35,2,0,0,CHAPTER,35,0,0,0,CHAPTER,34,1,2,0,CHAPTER,33,0,1,0,CHAPTER
28-Bergamo,BNI Mille,,0,0,0,2,CORE_GRUP,0,0,0,2,CORE_GRUP,0,0,0,2,CORE_GRUP,0,0,0,2,CORE_GRUP,0,0,0,2,CORE_GRUP
28-Bergamo,BNI Moroni di Albino,43,44,1,0,0,CHAPTER,45,3,2,0,CHAPTER,42,0,3,0,CHAPTER,43,6,5,0,CHAPTER,44,1,0,0,CHAPTER
28-Bergamo,BNI Olmi,19,19,0,0,0,CHAPTER,21,2,0,0,CHAPTER,21,0,0,0,CHAPTER,21,0,0,0,CHAPTER,22,2,1,0,CHAPTER
28-Bergamo,BNI Quarenghi,,,,,,,24,24,0,0,CHAPTER,24,0,0,0,CHAPTER,26,2,0,0,CHAPTER,27,1,0,0,CHAPTER
28-Bergamo,BNI Santa Caterina,16,18,2,0,0,CHAPTER,18,0,0,0,CHAPTER,17,0,1,0,CHAPTER,15,1,3,0,CHAPTER,16,1,0,0,CHAPTER
29-Brescia,BNI Bassa Bresciana,56,57,1,0,0,CHAPTER,55,1,3,0,CHAPTER,55,0,0,0,CHAPTER,56,1,0,0,CHAPTER,56,1,1,0,CHAPTER
29-Brescia,BNI Basso Garda,,0,0,0,15,CORE_GRUP,0,0,0,15,CORE_GRUP,0,0,0,15,CORE_GRUP,0,0,0,15,CORE_GRUP,0,0,0,15,CORE_GRUP
29-Brescia,BNI Castello,36,36,0,0,0,CHAPTER,33,0,3,0,CHAPTER,33,0,0,0,CHAPTER,30,0,3,0,CHAPTER,30,0,0,0,CHAPTER
29-Brescia,BNI Colli Morenici,27,26,0,1,0,CHAPTER,25,1,2,0,CHAPTER,25,0,0,0,CHAPTER,23,0,2,0,CHAPTER,23,0,0,0,CHAPTER
29-Brescia,BNI Desenzano del Garda,35,35,2,2,0,CHAPTER,37,4,2,0,CHAPTER,37,0,0,0,CHAPTER,36,0,1,0,CHAPTER,36,0,0,0,CHAPTER
29-Brescia,BNI Fascia d'Oro,22,21,1,2,0,CHAPTER,22,1,0,0,CHAPTER,22,0,0,0,CHAPTER,22,1,1,0,CHAPTER,23,1,0,0,CHAPTER
29-Brescia,BNI Franciacorta,31,32,1,0,0,CHAPTER,32,0,0,0,CHAPTER,30,1,3,0,CHAPTER,28,0,2,0,CHAPTER,28,0,0,0,CHAPTER
29-Brescia,BNI Iseo,23,23,0,0,0,CHAPTER,24,1,0,0,CHAPTER,24,0,0,0,CHAPTER,23,0,1,0,CHAPTER,21,0,2,0,CHAPTER
29-Brescia,BNI La Loggia,39,43,4,0,0,CHAPTER,42,0,1,0,CHAPTER,41,0,1,0,CHAPTER,43,2,0,0,CHAPTER,44,2,1,0,CHAPTER
29-Brescia,BNI Leonessa,23,22,0,1,0,CHAPTER,25,5,2,0,CHAPTER,25,0,0,0,CHAPTER,25,0,0,0,CHAPTER,25,0,0,0,CHAPTER
29-Brescia,BNI Lugana,27,24,0,3,0,CHAPTER,24,1,1,0,CHAPTER,24,0,0,0,CHAPTER,21,0,3,0,CHAPTER,20,1,2,0,CHAPTER
29-Brescia,BNI Maddalena,35,36,2,1,0,CHAPTER,34,0,2,0,CHAPTER,34,0,0,0,CHAPTER,34,1,1,0,CHAPTER,33,0,1,0,CHAPTER
29-Brescia,BNI Mille Miglia,30,31,1,0,0,CHAPTER,31,0,0,0,CHAPTER,31,0,0,0,CHAPTER,32,1,0,0,CHAPTER,32,0,0,0,CHAPTER
29-Brescia,BNI Montorfano,25,26,1,0,0,CHAPTER,24,0,2,0,CHAPTER,22,0,2,0,CHAPTER,22,0,0,0,CHAPTER,22,0,0,0,CHAPTER
29-Brescia,BNI Salo',22,22,1,1,0,CHAPTER,21,1,2,0,CHAPTER,21,0,0,0,CHAPTER,20,0,1,0,CHAPTER,20,1,1,0,CHAPTER
29-Brescia,BNI San Bartolomeo,23,24,1,0,0,CHAPTER,25,1,0,0,CHAPTER,25,0,0,0,CHAPTER,25,0,0,0,CHAPTER,24,0,1,0,CHAPTER
29-Brescia,BNI Santa Giulia,29,27,0,2,0,CHAPTER,26,1,2,0,CHAPTER,26,0,0,0,CHAPTER,24,0,2,0,CHAPTER,25,2,1,0,CHAPTER
29-Brescia,BNI Vittoria Alata,21,21,0,0,0,CHAPTER,22,2,1,0,CHAPTER,22,0,0,0,CHAPTER,22,1,1,0,CHAPTER,17,0,5,0,CHAPTER
31-Verona,BNI Adige,27,28,1,0,0,CHAPTER,29,1,0,0,CHAPTER,31,2,0,0,CHAPTER,34,5,2,0,CHAPTER,34,0,0,0,CHAPTER
31-Verona,BNI Arena,29,25,0,4,0,CHAPTER,25,2,2,0,CHAPTER,24,0,1,0,CHAPTER,26,2,0,0,CHAPTER,26,2,2,0,CHAPTER
31-Verona,BNI Borgo Libero,17,18,2,1,0,CHAPTER,18,0,0,0,CHAPTER,17,0,1,0,CHAPTER,0,0,17,0,CORE_GRUP,,,,,
31-Verona,BNI La Fortezza,28,27,1,2,0,CHAPTER,31,4,0,0,CHAPTER,31,1,1,0,CHAPTER,32,3,2,0,CHAPTER,32,1,1,0,CHAPTER
31-Verona,BNI Salieri,,0,0,0,0,CORE_GRUP,0,0,0,0,CORE_GRUP,21,21,0,0,CHAPTER,20,0,1,0,CHAPTER,21,2,1,0,CHAPTER
31-Verona,BNI Scaligero,24,22,0,2,0,CHAPTER,22,0,0,0,CHAPTER,20,1,3,0,CHAPTER,18,1,3,0,CHAPTER,18,0,0,0,CHAPTER
31-Verona,BNI Valpolicella,20,22,3,1,0,CHAPTER,23,1,0,0,CHAPTER,25,2,0,0,CHAPTER,31,6,0,0,CHAPTER,30,0,1,0,CHAPTER
31-Verona,Cangrande,,0,0,0,2,CORE_GRUP,0,0,0,2,CORE_GRUP,0,0,0,2,CORE_GRUP,0,0,0,2,CORE_GRUP,0,0,0,2,CORE_GRUP
32-Vicenza,BNI 7 Comuni,,0,0,0,0,CORE_GRUP,0,0,0,0,CORE_GRUP,0,0,0,0,CORE_GRUP,0,0,0,0,CORE_GRUP,0,0,0,0,CORE_GRUP
32-Vicenza,BNI Barbarigo,25,25,0,0,0,CHAPTER,25,0,0,0,CHAPTER,28,3,0,0,CHAPTER,28,0,0,0,CHAPTER,29,1,0,0,CHAPTER
32-Vicenza,BNI Bellaguardia,26,25,0,1,0,CHAPTER,26,1,0,0,CHAPTER,26,0,0,0,CHAPTER,22,0,4,0,CHAPTER,21,0,1,0,CHAPTER
32-Vicenza,BNI Dueville,,0,0,0,7,CORE_GRUP,0,0,0,7,CORE_GRUP,0,0,0,7,CORE_GRUP,0,0,0,7,CORE_GRUP,0,0,0,7,CORE_GRUP
32-Vicenza,BNI Montegrappa,19,18,0,1,0,CHAPTER,19,1,0,0,CHAPTER,16,0,3,0,CHAPTER,17,2,1,0,CHAPTER,17,0,0,0,CHAPTER
32-Vicenza,BNI Olimpico,,0,0,0,12,CORE_GRUP,0,0,0,12,CORE_GRUP,0,0,0,12,CORE_GRUP,0,0,0,12,CORE_GRUP,0,0,0,12,CORE_GRUP
32-Vicenza,BNI Palladio,32,34,2,0,0,CHAPTER,34,0,0,0,CHAPTER,34,0,0,0,CHAPTER,38,4,0,0,CHAPTER,39,1,0,0,CHAPTER
32-Vicenza,BNI Pasubio,21,20,0,1,0,CHAPTER,20,0,0,0,CHAPTER,20,0,0,0,CHAPTER,19,0,1,0,CHAPTER,18,0,1,0,CHAPTER
32-Vicenza,BNI Ponte Vecchio,18,18,0,0,0,CHAPTER,18,0,0,0,CHAPTER,15,0,3,0,CHAPTER,15,0,0,0,CHAPTER,15,0,0,0,CHAPTER
32-Vicenza,BNI Prospettiva,,0,0,0,0,CORE_GRUP,0,0,0,0,CORE_GRUP,0,0,0,0,CORE_GRUP,0,0,0,0,CORE_GRUP,0,0,0,0,CORE_GRUP
32-Vicenza,BNI Thiene,24,24,0,0,0,CHAPTER,25,1,0,0,CHAPTER,24,0,1,0,CHAPTER,25,1,2,0,CHAPTER,26,1,0,0,CHAPTER
33-Padova Rovigo,BNI Bersaglieri,30,31,2,1,0,CHAPTER,28,0,3,0,CHAPTER,28,1,1,0,CHAPTER,18,1,11,0,CHAPTER,23,5,0,0,CHAPTER
33-Padova Rovigo,BNI Breda,18,19,1,0,0,CHAPTER,18,0,1,0,CHAPTER,,,,,,0,0,18,0,CORE_GRUP,,,,,
33-Padova Rovigo,BNI Medoacus,,0,0,0,6,CORE_GRUP,0,0,0,6,CORE_GRUP,0,0,0,6,CORE_GRUP,0,0,0,6,CORE_GRUP,0,0,0,6,CORE_GRUP
33-Padova Rovigo,BNI Mirabile,,0,0,0,21,CORE_GRUP,0,0,0,21,CORE_GRUP,0,0,0,21,CORE_GRUP,0,0,0,21,CORE_GRUP,0,0,0,21,CORE_GRUP
33-Padova Rovigo,BNI Mister,,0,0,0,8,CORE_GRUP,0,0,0,8,CORE_GRUP,0,0,0,8,CORE_GRUP,0,0,0,8,CORE_GRUP,0,0,0,8,CORE_GRUP
33-Padova Rovigo,BNI Prato Della Valle,24,23,1,2,0,CHAPTER,25,2,0,0,CHAPTER,26,1,0,0,CHAPTER,25,1,2,0,CHAPTER,26,1,0,0,CHAPTER
33-Padova Rovigo,BNI Roverella,,0,0,0,6,CORE_GRUP,0,0,0,7,CORE_GRUP,0,0,0,7,CORE_GRUP,0,0,0,7,CORE_GRUP,0,0,0,7,CORE_GRUP
33-Padova Rovigo,BNI Scrovegni,28,29,1,0,0,CHAPTER,28,0,1,0,CHAPTER,30,2,0,0,CHAPTER,30,0,0,0,CHAPTER,33,3,0,0,CHAPTER
33-Padova Rovigo,BNI Serenissima,22,22,0,0,0,CHAPTER,20,0,2,0,CHAPTER,21,1,0,0,CHAPTER,22,2,1,0,CHAPTER,23,2,1,0,CHAPTER
33-Padova Rovigo,BNI Spritz,40,40,0,0,0,CHAPTER,38,0,2,0,CHAPTER,38,0,0,0,CHAPTER,38,3,3,0,CHAPTER,39,1,0,0,CHAPTER
34-Venezia,BNI Arsenale,,0,0,0,9,CORE_GRUP,0,0,0,9,CORE_GRUP,0,0,0,9,CORE_GRUP,0,0,0,9,CORE_GRUP,0,0,0,9,CORE_GRUP
34-Venezia,BNI I Do Mori,34,33,1,2,0,CHAPTER,32,0,1,0,CHAPTER,33,1,0,0,CHAPTER,36,3,0,0,CHAPTER,38,3,1,0,CHAPTER
34-Venezia,BNI Il Leone di San Marco,37,34,1,4,0,CHAPTER,33,0,1,0,CHAPTER,30,0,3,0,CHAPTER,32,3,1,0,CHAPTER,33,1,0,0,CHAPTER
34-Venezia,BNI La Sorgente,,0,0,0,3,CORE_GRUP,0,0,0,3,CORE_GRUP,0,0,0,3,CORE_GRUP,0,0,0,3,CORE_GRUP,0,0,0,3,CORE_GRUP
34-Venezia,BNI Lidi dei Dogi,37,36,0,1,0,CHAPTER,37,1,0,0,CHAPTER,37,0,0,0,CHAPTER,36,0,1,0,CHAPTER,33,2,5,0,CHAPTER
34-Venezia,BNI Marco Polo,30,33,3,0,0,CHAPTER,34,1,0,0,CHAPTER,31,0,3,0,CHAPTER,30,0,1,0,CHAPTER,25,0,5,0,CHAPTER
34-Venezia,BNI Riviera del Brenta,,,,,,,,,,,,29,29,0,0,CHAPTER,32,3,0,0,CHAPTER,38,6,0,0,CHAPTER
35-Treviso Belluno,BNI Belluno Dolomiti,26,28,2,0,0,CHAPTER,28,0,0,0,CHAPTER,28,0,0,0,CHAPTER,26,0,2,0,CHAPTER,26,0,0,0,CHAPTER
35-Treviso Belluno,BNI Cima,36,37,1,0,0,CHAPTER,37,0,0,0,CHAPTER,37,0,0,0,CHAPTER,38,1,0,0,CHAPTER,40,2,0,0,CHAPTER
35-Treviso Belluno,BNI Col di Dante,,0,0,0,4,CORE_GRUP,0,0,0,4,CORE_GRUP,0,0,0,4,CORE_GRUP,0,0,0,4,CORE_GRUP,0,0,0,4,CORE_GRUP
35-Treviso Belluno,BNI Giorgione,,0,0,0,1,CORE_GRUP,0,0,0,1,CORE_GRUP,0,0,0,1,CORE_GRUP,0,0,0,1,CORE_GRUP,0,0,0,1,CORE_GRUP
35-Treviso Belluno,BNI Marca,,0,0,0,1,CORE_GRUP,0,0,0,1,CORE_GRUP,0,0,0,1,CORE_GRUP,0,0,0,1,CORE_GRUP,0,0,0,1,CORE_GRUP
35-Treviso Belluno,BNI Opera,,0,0,0,4,CORE_GRUP,0,0,0,4,CORE_GRUP,0,0,0,4,CORE_GRUP,0,0,0,4,CORE_GRUP,0,0,0,4,CORE_GRUP
35-Treviso Belluno,BNI Piazza del Grano,30,31,1,0,0,CHAPTER,32,1,0,0,CHAPTER,31,0,1,0,CHAPTER,32,1,0,0,CHAPTER,33,1,0,0,CHAPTER
35-Treviso Belluno,BNI Prosecco,24,24,2,2,0,CHAPTER,24,1,1,0,CHAPTER,23,0,1,0,CHAPTER,22,0,1,0,CHAPTER,23,1,0,0,CHAPTER
35-Treviso Belluno,BNI Vi.Ve.,,0,0,0,19,CORE_GRUP,0,0,0,19,CORE_GRUP,0,0,0,19,CORE_GRUP,0,0,0,19,CORE_GRUP,0,0,0,19,CORE_GRUP
35-Treviso Belluno,BNI Virtus,,0,0,0,5,CORE_GRUP,0,0,0,5,CORE_GRUP,0,0,0,5,CORE_GRUP,0,0,0,5,CORE_GRUP,0,0,0,5,CORE_GRUP
36-Trentino Alto Adige,BNI Delicius,,0,0,0,0,CORE_GRUP,0,0,0,0,CORE_GRUP,0,0,0,0,CORE_GRUP,0,0,0,0,CORE_GRUP,0,0,0,0,CORE_GRUP
36-Trentino Alto Adige,BNI Gala,25,24,0,1,0,CHAPTER,22,1,3,0,CHAPTER,22,0,0,0,CHAPTER,20,1,3,0,CHAPTER,21,1,0,0,CHAPTER
36-Trentino Alto Adige,BNI Golden,,0,0,0,0,CORE_GRUP,0,0,0,0,CORE_GRUP,0,0,0,0,CORE_GRUP,0,0,0,0,CORE_GRUP,0,0,0,0,CORE_GRUP
36-Trentino Alto Adige,BNI Grafensteiner,36,35,0,1,0,CHAPTER,36,1,0,0,CHAPTER,36,0,0,0,CHAPTER,35,0,1,0,CHAPTER,35,0,0,0,CHAPTER
36-Trentino Alto Adige,BNI Jonagold,28,28,0,0,0,CHAPTER,28,0,0,0,CHAPTER,28,1,1,0,CHAPTER,28,0,0,0,CHAPTER,28,1,1,0,CHAPTER
36-Trentino Alto Adige,BNI Morgenduft,15,15,1,1,0,CHAPTER,16,1,0,0,CHAPTER,16,0,0,0,CHAPTER,15,0,1,0,CHAPTER,15,0,0,0,CHAPTER
36-Trentino Alto Adige,BNI Pinova,33,31,1,3,0,CHAPTER,29,0,2,0,CHAPTER,27,1,3,0,CHAPTER,25,0,2,0,CHAPTER,24,1,2,0,CHAPTER
36-Trentino Alto Adige,BNI Red,20,21,1,0,0,CHAPTER,22,1,,0,CHAPTER,21,0,1,0,CHAPTER,21,0,0,0,CHAPTER,20,0,1,0,CHAPTER
36-Trentino Alto Adige,BNI Renetta,57,56,0,1,0,CHAPTER,54,1,3,0,CHAPTER,54,1,1,0,CHAPTER,53,0,1,0,CHAPTER,51,1,3,0,CHAPTER
36-Trentino Alto Adige,BNI Stark,,,,,,,,,,,,27,27,0,0,CHAPTER,27,0,0,0,CHAPTER,26,0,1,0,CHAPTER
36-Trentino Alto Adige,BNI Topaz,,0,0,0,2,CORE_GRUP,0,0,0,2,CORE_GRUP,0,0,0,2,CORE_GRUP,0,0,0,2,CORE_GRUP,0,0,0,2,CORE_GRUP
38-Friuli Venezia Giulia,BNI Astra,20,19,0,1,0,CHAPTER,19,0,0,0,CHAPTER,0,0,19,0,CORE_GRUP,0,0,0,0,CORE_GRUP,0,0,0,0,CORE_GRUP
38-Friuli Venezia Giulia,BNI Bora 181,,0,0,0,2,CORE_GRUP,0,0,0,2,CORE_GRUP,0,0,0,2,CORE_GRUP,0,0,0,2,CORE_GRUP,0,0,0,2,CORE_GRUP
38-Friuli Venezia Giulia,BNI Fenice,38,35,2,3,0,CHAPTER,38,3,0,0,CHAPTER,38,1,1,0,CHAPTER,39,2,1,0,CHAPTER,38,0,1,0,CHAPTER
38-Friuli Venezia Giulia,BNI Fuarce,28,26,0,2,0,CHAPTER,25,0,1,0,CHAPTER,26,2,1,0,CHAPTER,28,2,0,0,CHAPTER,24,0,4,0,CHAPTER
38-Friuli Venezia Giulia,BNI Gheppio,27,28,2,1,0,CHAPTER,28,1,1,0,CHAPTER,28,1,1,0,CHAPTER,29,1,0,0,CHAPTER,30,2,1,0,CHAPTER
38-Friuli Venezia Giulia,BNI Lemene,24,24,0,0,0,CHAPTER,22,0,2,0,CHAPTER,22,1,1,0,CHAPTER,22,0,0,0,CHAPTER,22,0,0,0,CHAPTER
38-Friuli Venezia Giulia,BNI Livenza,35,35,1,1,0,CHAPTER,36,1,0,0,CHAPTER,36,0,0,0,CHAPTER,32,0,4,0,CHAPTER,31,1,2,0,CHAPTER
38-Friuli Venezia Giulia,BNI Naonis,43,43,1,1,0,CHAPTER,45,2,0,0,CHAPTER,45,0,0,0,CHAPTER,45,0,0,0,CHAPTER,48,3,0,0,CHAPTER
38-Friuli Venezia Giulia,BNI Pro Futura,32,34,2,0,0,CHAPTER,32,0,2,0,CHAPTER,33,1,0,0,CHAPTER,32,0,1,0,CHAPTER,33,2,1,0,CHAPTER
38-Friuli Venezia Giulia,BNI Tagliamento,,0,0,0,14,CORE_GRUP,0,0,0,14,CORE_GRUP,0,0,0,14,CORE_GRUP,0,0,0,14,CORE_GRUP,0,0,0,14,CORE_GRUP
38-Friuli Venezia Giulia,BNI Victoria,29,30,1,0,0,CHAPTER,31,1,0,0,CHAPTER,31,0,0,0,CHAPTER,30,1,2,0,CHAPTER,31,1,0,0,CHAPTER
41-Modena Mantova,BNI Alberto Pio,39,40,1,0,0,CHAPTER,40,0,0,0,CHAPTER,40,0,0,0,CHAPTER,39,0,1,0,CHAPTER,39,1,1,0,CHAPTER
41-Modena Mantova,BNI Bugatti,24,24,0,0,0,CHAPTER,22,0,2,0,CHAPTER,23,1,0,0,CHAPTER,22,1,2,0,CHAPTER,20,0,2,0,CHAPTER
41-Modena Mantova,BNI Castiglione,22,23,1,0,0,CHAPTER,21,0,2,0,CHAPTER,19,1,3,0,CHAPTER,19,1,1,0,CHAPTER,20,2,1,0,CHAPTER
41-Modena Mantova,BNI Estense,32,35,3,0,0,CHAPTER,37,2,0,0,CHAPTER,38,1,0,0,CHAPTER,39,1,0,0,CHAPTER,41,2,0,0,CHAPTER
41-Modena Mantova,BNI Gonzaga,55,55,2,2,0,CHAPTER,57,3,1,0,CHAPTER,56,1,2,0,CHAPTER,54,0,2,0,CHAPTER,54,1,1,0,CHAPTER
41-Modena Mantova,BNI Lamborghini,42,41,0,1,0,CHAPTER,40,1,2,0,CHAPTER,39,0,1,0,CHAPTER,38,1,2,0,CHAPTER,36,0,2,0,CHAPTER
41-Modena Mantova,BNI Pico Della Mirandola,65,65,0,0,0,CHAPTER,67,2,0,0,CHAPTER,67,0,0,0,CHAPTER,66,0,1,0,CHAPTER,65,3,4,0,CHAPTER
41-Modena Mantova,BNI Piero Gigli,,,,,,,37,37,0,0,CHAPTER,41,4,0,0,CHAPTER,45,5,1,0,CHAPTER,45,0,0,0,CHAPTER
41-Modena Mantova,BNI Rigoletto,45,46,1,0,0,CHAPTER,45,0,1,0,CHAPTER,39,0,6,0,CHAPTER,39,0,0,0,CHAPTER,34,0,5,0,CHAPTER
41-Modena Mantova,BNI San Giorgio,49,49,0,0,0,CHAPTER,48,0,1,0,CHAPTER,42,0,6,0,CHAPTER,42,1,1,0,CHAPTER,41,1,2,0,CHAPTER
41-Modena Mantova,BNI Saxolum,36,36,1,1,,CHAPTER,34,0,2,0,CHAPTER,27,0,7,0,CHAPTER,27,1,1,0,CHAPTER,28,1,0,0,CHAPTER
42-Emilia Ovest,BNI 2 BE,,0,0,0,9,CORE_GRUP,0,0,0,9,CORE_GRUP,0,0,0,9,CORE_GRUP,0,0,0,9,CORE_GRUP,0,0,0,9,CORE_GRUP
42-Emilia Ovest,BNI Antonio Allegri,27,27,1,1,0,CHAPTER,27,0,0,0,CHAPTER,24,0,3,0,CHAPTER,23,0,1,0,CHAPTER,23,0,0,0,CHAPTER
42-Emilia Ovest,BNI Corte Herberia,,,,,,,,,,,,,,,,,,,,,,19,19,0,0,CHAPTER
42-Emilia Ovest,BNI DIAMANTE,97,95,4,6,0,CHAPTER,97,2,0,0,CHAPTER,85,1,13,0,CHAPTER,60,4,29,0,CHAPTER,64,5,1,0,CHAPTER
42-Emilia Ovest,BNI Ducale,34,34,0,0,0,CHAPTER,34,0,0,0,CHAPTER,32,0,2,0,CHAPTER,33,1,0,0,CHAPTER,33,0,0,0,CHAPTER
42-Emilia Ovest,BNI I Collegati,,,,,,,,,,,,,,,,,,,,,,28,28,0,0,CHAPTER
42-Emilia Ovest,BNI La Pilotta,32,33,2,1,0,CHAPTER,33,0,0,0,CHAPTER,32,1,2,0,CHAPTER,32,0,0,0,CHAPTER,30,1,3,0,CHAPTER
42-Emilia Ovest,BNI La Reggia di Colorno,,0,0,0,0,CORE_GRUP,0,0,0,0,CORE_GRUP,0,0,0,0,CORE_GRUP,0,0,0,0,CORE_GRUP,0,0,0,0,CORE_GRUP
42-Emilia Ovest,BNI La Rocca,46,45,0,1,0,CHAPTER,46,1,0,0,CHAPTER,44,0,2,0,CHAPTER,44,1,1,0,CHAPTER,43,0,1,0,CHAPTER
42-Emilia Ovest,BNI Maria Luigia,35,38,2,0,0,CHAPTER,39,1,0,0,CHAPTER,38,0,1,0,CHAPTER,36,0,2,0,CHAPTER,36,1,1,0,CHAPTER
42-Emilia Ovest,BNI Matilde di Canossa,46,45,1,2,0,CHAPTER,45,0,0,0,CHAPTER,43,0,2,0,CHAPTER,44,1,0,0,CHAPTER,40,3,7,0,CHAPTER
42-Emilia Ovest,BNI Petitot,29,31,2,0,0,CHAPTER,35,4,0,0,CHAPTER,37,2,0,0,CHAPTER,36,0,1,0,CHAPTER,35,0,1,0,CHAPTER
42-Emilia Ovest,BNI Spallanzani,32,25,0,7,0,CHAPTER,26,1,0,0,CHAPTER,27,1,0,0,CHAPTER,27,0,0,0,CHAPTER,29,2,0,0,CHAPTER
42-Emilia Ovest,BNI Tricolore,23,22,2,3,0,CHAPTER,22,0,0,0,CHAPTER,21,0,1,0,CHAPTER,21,0,0,0,CHAPTER,22,1,0,0,CHAPTER
42-Emilia Ovest,BNI VA PENSIERO,49,47,0,2,0,CHAPTER,47,0,0,0,CHAPTER,46,0,1,0,CHAPTER,44,0,2,0,CHAPTER,43,1,2,0,CHAPTER
42-Emilia Ovest,BNI Val d'Enza,,0,0,0,0,CORE_GRUP,0,0,0,0,CORE_GRUP,0,0,0,0,CORE_GRUP,0,0,0,0,CORE_GRUP,0,0,0,0,CORE_GRUP
45-Firenze,BNI Arezzo,18,19,1,0,0,CHAPTER,20,1,0,0,CHAPTER,20,0,0,0,CHAPTER,17,0,3,0,CHAPTER,16,0,1,0,CHAPTER
45-Firenze,BNI Campi Bisenzio,,0,0,0,2,CORE_GRUP,0,0,0,2,CORE_GRUP,0,0,0,2,CORE_GRUP,0,0,0,2,CORE_GRUP,0,0,0,2,CORE_GRUP
45-Firenze,BNI Castelfiorentino,24,25,1,0,0,CHAPTER,25,0,0,0,CHAPTER,25,0,0,0,CHAPTER,24,0,1,0,CHAPTER,24,0,0,0,CHAPTER
45-Firenze,BNI Castiglion Fiorentino,,0,0,0,0,CORE_GRUP,0,0,0,0,CORE_GRUP,0,0,0,0,CORE_GRUP,0,0,0,0,CORE_GRUP,0,0,0,0,CORE_GRUP
45-Firenze,BNI CUOIO,24,24,0,0,0,CHAPTER,27,3,0,0,CHAPTER,28,1,0,0,CHAPTER,26,1,3,0,CHAPTER,25,1,2,0,CHAPTER
45-Firenze,BNI Empoli,39,40,2,1,0,CHAPTER,40,1,1,0,CHAPTER,39,0,1,0,CHAPTER,37,0,2,0,CHAPTER,35,0,2,0,CHAPTER
45-Firenze,BNI Firenze,32,29,0,3,0,CHAPTER,31,2,0,0,CHAPTER,29,0,2,0,CHAPTER,27,1,3,0,CHAPTER,29,2,0,0,CHAPTER
45-Firenze,BNI Granducato,27,25,0,2,0,CHAPTER,25,1,1,0,CHAPTER,25,0,0,0,CHAPTER,26,1,0,0,CHAPTER,28,2,0,0,CHAPTER
45-Firenze,BNI Il Ciclone,17,17,0,0,0,CHAPTER,16,0,1,0,CHAPTER,16,0,0,0,CHAPTER,16,0,0,0,CHAPTER,16,0,0,0,CHAPTER
45-Firenze,BNI Il Magnifico,22,22,1,1,0,CHAPTER,22,0,0,0,CHAPTER,22,0,0,0,CHAPTER,24,2,0,0,CHAPTER,25,1,0,0,CHAPTER
45-Firenze,BNI In Chianti,24,21,0,3,0,CHAPTER,18,0,3,0,CHAPTER,18,0,0,0,CHAPTER,20,2,0,0,CHAPTER,22,2,0,0,CHAPTER
45-Firenze,BNI Sansepolcro,,0,0,0,0,CORE_GRUP,0,0,0,0,CORE_GRUP,0,0,0,0,CORE_GRUP,0,0,0,0,CORE_GRUP,0,0,0,0,CORE_GRUP
45-Firenze,BNI Scandicci,,0,0,0,0,CORE_GRUP,0,0,0,0,CORE_GRUP,0,0,0,0,CORE_GRUP,0,0,0,0,CORE_GRUP,0,0,0,0,CORE_GRUP
45-Firenze,BNI Signoria,24,22,0,2,0,CHAPTER,22,0,0,0,CHAPTER,24,2,0,0,CHAPTER,24,0,0,0,CHAPTER,24,0,0,0,CHAPTER
45-Firenze,BNI Valdarno,,0,0,0,0,CORE_GRUP,0,0,0,0,CORE_GRUP,0,0,0,0,CORE_GRUP,0,0,0,0,CORE_GRUP,0,0,0,0,CORE_GRUP
45-Firenze,BNI Valdelsa,23,23,2,2,0,CHAPTER,23,0,0,0,CHAPTER,26,3,0,0,CHAPTER,26,0,0,0,CHAPTER,26,0,0,0,CHAPTER
46-Toscana Mare,BNI Accademia,27,28,1,0,0,CHAPTER,27,0,1,0,CHAPTER,27,0,0,0,CHAPTER,28,1,0,0,CHAPTER,26,0,2,0,CHAPTER
46-Toscana Mare,BNI Alfea,31,32,1,0,0,CHAPTER,31,0,1,0,CHAPTER,29,0,2,0,CHAPTER,28,0,1,0,CHAPTER,28,0,0,0,CHAPTER
46-Toscana Mare,BNI Apuania Massa-Carrara,18,18,0,0,0,CHAPTER,20,2,0,0,CHAPTER,20,0,0,0,CHAPTER,20,0,0,0,CHAPTER,20,0,0,0,CHAPTER
46-Toscana Mare,BNI Arno,14,15,1,0,0,CHAPTER,15,0,0,0,CHAPTER,15,0,0,0,CHAPTER,13,0,2,0,CHAPTER,12,0,1,0,CHAPTER
46-Toscana Mare,BNI Aurelia Pisa,31,31,0,0,0,CHAPTER,32,1,0,0,CHAPTER,33,1,0,0,CHAPTER,33,0,0,0,CHAPTER,33,0,0,0,CHAPTER
46-Toscana Mare,BNI Aurora,,,,,,,,,,,,,,,,,,,,,,22,22,0,0,CHAPTER
46-Toscana Mare,BNI Costa degli Etruschi,,0,0,0,13,CORE_GRUP,0,0,0,13,CORE_GRUP,0,0,0,13,CORE_GRUP,0,0,0,13,CORE_GRUP,0,0,0,13,CORE_GRUP
46-Toscana Mare,BNI Era,36,36,0,0,0,CHAPTER,37,1,0,0,CHAPTER,35,1,3,0,CHAPTER,35,0,0,0,CHAPTER,32,0,3,0,CHAPTER
47-Toscana Ovest,BNI Blues,19,19,0,0,0,CHAPTER,21,2,0,0,CHAPTER,22,2,1,0,CHAPTER,23,1,0,0,CHAPTER,23,1,1,0,CHAPTER
47-Toscana Ovest,BNI Botero,,0,0,0,13,CORE_GRUP,0,0,0,13,CORE_GRUP,0,0,0,13,CORE_GRUP,0,0,0,13,CORE_GRUP,0,0,0,13,CORE_GRUP
47-Toscana Ovest,BNI Hellana,20,23,3,0,0,CHAPTER,24,1,0,0,CHAPTER,25,1,0,0,CHAPTER,25,0,0,0,CHAPTER,25,0,0,0,CHAPTER
47-Toscana Ovest,BNI Il Ponte della Maddalena,,0,0,0,12,CORE_GRUP,0,0,0,12,CORE_GRUP,0,0,0,12,CORE_GRUP,0,0,0,12,CORE_GRUP,0,0,0,12,CORE_GRUP
47-Toscana Ovest,BNI La Torretta,,0,0,0,8,CORE_GRUP,0,0,0,8,CORE_GRUP,0,0,0,8,CORE_GRUP,0,0,0,8,CORE_GRUP,0,0,0,8,CORE_GRUP
47-Toscana Ovest,BNI La Versilia,21,24,3,0,0,CHAPTER,26,3,1,0,CHAPTER,24,0,2,0,CHAPTER,25,2,1,0,CHAPTER,25,0,0,0,CHAPTER
47-Toscana Ovest,BNI Lucca,27,26,0,1,0,CHAPTER,26,1,1,0,CHAPTER,29,3,0,0,CHAPTER,29,0,0,0,CHAPTER,30,1,0,0,CHAPTER
47-Toscana Ovest,BNI Nottolini,16,16,0,0,0,CHAPTER,15,0,1,0,CHAPTER,15,0,0,0,CHAPTER,14,1,2,0,CHAPTER,16,2,0,0,CHAPTER
47-Toscana Ovest,BNI Prato,19,19,0,0,0,CHAPTER,18,1,2,0,CHAPTER,18,0,0,0,CHAPTER,15,0,3,0,CHAPTER,17,3,1,0,CHAPTER
47-Toscana Ovest,BNI Puccini,34,32,2,4,0,CHAPTER,32,0,0,0,CHAPTER,32,0,0,0,CHAPTER,34,2,0,0,CHAPTER,33,0,1,0,CHAPTER
48-Siena Grosseto,BNI ARGENTARIO,,0,0,0,0,CORE_GRUP,0,0,0,0,CORE_GRUP,0,0,0,0,CORE_GRUP,0,0,0,0,CORE_GRUP,0,0,0,0,CORE_GRUP
48-Siena Grosseto,BNI Sallustio Bandini - Siena,13,13,0,0,0,CHAPTER,2,0,11,0,CHAPTER,2,0,0,0,CHAPTER,2,0,0,0,CHAPTER,0,0,2,0,CORE_GRUP
48-Siena Grosseto,BNI Valdichiana - Siena,,0,0,0,6,CORE_GRUP,0,0,0,6,CORE_GRUP,0,0,0,6,CORE_GRUP,0,0,0,6,CORE_GRUP,0,0,0,6,CORE_GRUP
51-Bologna Ferrara,BNI Autodromo,20,20,0,0,0,CHAPTER,27,7,0,0,CHAPTER,28,1,0,0,CHAPTER,29,1,0,0,CHAPTER,31,2,0,0,CHAPTER
51-Bologna Ferrara,BNI Baccanale,26,26,0,0,0,CHAPTER,27,1,0,0,CHAPTER,26,0,1,0,CHAPTER,27,2,1,0,CHAPTER,27,0,0,0,CHAPTER
51-Bologna Ferrara,BNI Butrium,,0,0,0,5,CORE_GRUP,0,0,0,5,CORE_GRUP,0,0,0,5,CORE_GRUP,0,0,0,5,CORE_GRUP,0,0,0,5,CORE_GRUP
51-Bologna Ferrara,BNI Carducci,,,,,,,,,,,,,,,,,,,,,,18,18,0,0,CHAPTER
51-Bologna Ferrara,BNI Carnevale,,0,0,0,0,CORE_GRUP,0,0,0,0,CORE_GRUP,0,0,0,0,CORE_GRUP,0,0,0,0,CORE_GRUP,0,0,0,0,CORE_GRUP
51-Bologna Ferrara,BNI Cassero,,0,0,0,1,CORE_GRUP,0,0,0,1,CORE_GRUP,0,0,0,1,CORE_GRUP,0,0,0,1,CORE_GRUP,0,0,0,1,CORE_GRUP
51-Bologna Ferrara,BNI Copernico,23,23,0,0,0,CHAPTER,28,5,0,0,CHAPTER,28,0,0,0,CHAPTER,29,1,0,0,CHAPTER,30,1,0,0,CHAPTER
51-Bologna Ferrara,BNI Ducati,49,50,1,0,0,CHAPTER,56,6,0,0,CHAPTER,47,1,10,0,CHAPTER,47,1,1,0,CHAPTER,46,0,1,0,CHAPTER
51-Bologna Ferrara,BNI Felsinea,40,36,0,4,0,CHAPTER,35,0,1,0,CHAPTER,31,3,7,0,CHAPTER,30,1,2,0,CHAPTER,32,2,0,0,CHAPTER
51-Bologna Ferrara,BNI Fibonacci,34,32,0,2,0,CHAPTER,35,4,1,0,CHAPTER,34,0,1,0,CHAPTER,35,1,0,0,CHAPTER,35,0,0,0,CHAPTER
51-Bologna Ferrara,BNI Hendrix,,0,0,0,2,CORE_GRUP,0,0,0,2,CORE_GRUP,0,0,0,2,CORE_GRUP,0,0,0,2,CORE_GRUP,0,0,0,2,CORE_GRUP
51-Bologna Ferrara,BNI Monna Lisa,33,34,1,0,0,CHAPTER,30,0,4,0,CHAPTER,27,0,3,0,CHAPTER,28,2,1,0,CHAPTER,26,1,3,0,CHAPTER
51-Bologna Ferrara,BNI Nettuno,40,43,3,0,0,CHAPTER,44,1,0,0,CHAPTER,38,0,6,0,CHAPTER,35,0,3,0,CHAPTER,34,1,2,0,CHAPTER
51-Bologna Ferrara,BNI Pareto,82,85,4,1,0,CHAPTER,85,0,0,0,CHAPTER,82,0,3,0,CHAPTER,81,1,2,0,CHAPTER,79,0,2,0,CHAPTER
51-Bologna Ferrara,BNI Reno,,0,0,0,11,CORE_GRUP,0,0,0,11,CORE_GRUP,0,0,0,11,CORE_GRUP,0,0,0,11,CORE_GRUP,0,0,0,11,CORE_GRUP
51-Bologna Ferrara,BNI San Petronio,47,47,0,0,0,CHAPTER,46,0,1,0,CHAPTER,21,0,25,0,CHAPTER,20,0,1,0,CHAPTER,24,4,0,0,CHAPTER
51-Bologna Ferrara,BNI Vittoria Bologna,60,62,2,0,0,CHAPTER,63,1,0,0,CHAPTER,60,0,3,0,CHAPTER,63,3,0,0,CHAPTER,63,0,0,0,CHAPTER
52-Romagna,BNI Better Living,,0,0,0,8,CORE_GRUP,0,0,0,8,CORE_GRUP,0,0,0,8,CORE_GRUP,0,0,0,8,CORE_GRUP,0,0,0,8,CORE_GRUP
52-Romagna,BNI Bisanzio,27,27,0,0,0,CHAPTER,25,0,2,0,CHAPTER,28,3,0,0,CHAPTER,28,0,0,0,CHAPTER,29,2,1,0,CHAPTER
52-Romagna,BNI La carica dei 102,,0,0,0,13,CORE_GRUP,0,0,0,13,CORE_GRUP,0,0,0,13,CORE_GRUP,0,0,0,13,CORE_GRUP,0,0,0,13,CORE_GRUP
52-Romagna,BNI La Perla,,11,0,0,0,CORE_GRUP,11,0,0,0,CHAPTER,11,0,0,0,CHAPTER,0,0,11,0,CORE_GRUP,,,,,
52-Romagna,BNI Leonida,,0,0,0,19,CORE_GRUP,0,0,0,19,CORE_GRUP,0,0,0,19,CORE_GRUP,0,0,0,19,CORE_GRUP,0,0,0,19,CORE_GRUP
52-Romagna,BNI Maioliche,32,31,0,1,0,CHAPTER,34,4,1,0,CHAPTER,34,1,1,0,CHAPTER,33,0,1,0,CHAPTER,33,2,2,0,CHAPTER
52-Romagna,BNI Malatesta,20,20,1,1,0,CHAPTER,18,0,2,0,CHAPTER,15,0,3,0,CHAPTER,16,1,0,0,CHAPTER,16,1,1,0,CHAPTER
52-Romagna,BNI Percocca,,0,0,0,21,CORE_GRUP,0,0,0,21,CORE_GRUP,0,0,0,21,CORE_GRUP,0,0,0,21,CORE_GRUP,0,0,0,21,CORE_GRUP
52-Romagna,BNI Regina Morciano,27,26,0,1,0,CHAPTER,25,1,2,0,CHAPTER,25,0,0,0,CHAPTER,25,0,0,0,CHAPTER,19,0,6,0,CHAPTER
52-Romagna,BNI Sforza,33,34,2,1,0,CHAPTER,32,0,2,0,CHAPTER,31,0,1,0,CHAPTER,28,0,3,0,CHAPTER,28,1,1,0,CHAPTER
52-Romagna,BNI Titano,24,24,0,0,0,CHAPTER,23,2,3,0,CHAPTER,22,0,1,0,CHAPTER,19,0,3,0,CHAPTER,19,0,0,0,CHAPTER
52-Romagna,BNI Valmarecchia,29,29,0,0,0,CHAPTER,30,2,1,0,CHAPTER,31,1,0,0,CHAPTER,33,5,3,0,CHAPTER,33,0,0,0,CHAPTER
52-Romagna,BNI Vulcano,35,36,1,0,0,CHAPTER,40,6,2,0,CHAPTER,40,0,0,0,CHAPTER,40,1,1,0,CHAPTER,40,0,0,0,CHAPTER
55-Marche,BNI Castelfidardo,20,22,2,0,0,CHAPTER,22,0,0,0,CHAPTER,22,0,0,0,CHAPTER,22,0,0,0,CHAPTER,22,0,0,0,CHAPTER
55-Marche,BNI La mucca viola,24,24,0,0,0,CHAPTER,23,0,1,0,CHAPTER,22,0,1,0,CHAPTER,22,0,0,0,CHAPTER,20,0,2,0,CHAPTER
55-Marche,BNI Oceano Blu,17,21,4,0,0,CHAPTER,22,1,0,0,CHAPTER,23,1,0,0,CHAPTER,23,0,0,0,CHAPTER,21,0,2,0,CHAPTER
55-Marche,BNI Pergolesi,23,23,0,0,0,CHAPTER,21,0,2,0,CHAPTER,18,0,3,0,CHAPTER,19,1,0,0,CHAPTER,21,2,0,0,CHAPTER
55-Marche,BNI Polo Positivo,17,19,2,0,0,CHAPTER,19,1,1,0,CHAPTER,22,3,0,0,CHAPTER,27,5,0,0,CHAPTER,29,3,1,0,CHAPTER
55-Marche,BNI progetto Macerata,,0,0,0,0,CORE_GRUP,0,0,0,0,CORE_GRUP,0,0,0,0,CORE_GRUP,0,0,0,0,CORE_GRUP,0,0,0,0,CORE_GRUP
55-Marche,BNI Rossini,,0,0,0,18,CORE_GRUP,0,0,0,18,CORE_GRUP,0,0,0,18,CORE_GRUP,0,0,0,18,CORE_GRUP,0,0,0,18,CORE_GRUP
55-Marche,BNI Sagitta,19,18,0,1,0,CHAPTER,19,1,0,0,CHAPTER,19,0,0,0,CHAPTER,18,0,1,0,CHAPTER,19,1,0,0,CHAPTER
55-Marche,BNI Veni Vidi Vici,26,22,0,4,0,CHAPTER,22,0,0,0,CHAPTER,19,0,3,0,CHAPTER,17,0,2,0,CHAPTER,16,0,1,0,CHAPTER
55-Marche,BNI Victoria Dorica,21,21,0,0,0,CHAPTER,21,1,1,0,CHAPTER,22,2,1,0,CHAPTER,21,0,1,0,CHAPTER,22,1,0,0,CHAPTER
55-Marche,Un Mondo Migliore,,0,0,0,7,CORE_GRUP,0,0,0,7,CORE_GRUP,0,0,0,7,CORE_GRUP,0,0,0,7,CORE_GRUP,0,0,0,7,CORE_GRUP
57-Abruzzo,BNI Argentum,25,25,0,0,0,CHAPTER,22,0,3,0,CHAPTER,22,0,0,0,CHAPTER,16,1,7,0,CHAPTER,19,3,0,0,CHAPTER
57-Abruzzo,BNI Flaiano,41,39,0,2,0,CHAPTER,40,1,0,0,CHAPTER,38,0,2,0,CHAPTER,39,3,2,0,CHAPTER,40,1,0,0,CHAPTER
57-Abruzzo,BNI Interamnia,23,24,1,0,0,CHAPTER,21,1,4,0,CHAPTER,20,0,1,0,CHAPTER,19,0,1,0,CHAPTER,19,0,0,0,CHAPTER
57-Abruzzo,BNI Metropolitan,24,25,1,0,0,CHAPTER,22,0,3,0,CHAPTER,22,0,0,0,CHAPTER,22,0,0,0,CHAPTER,21,0,1,0,CHAPTER
57-Abruzzo,BNI Supernova,23,23,0,0,0,CHAPTER,21,0,2,0,CHAPTER,23,2,0,0,CHAPTER,22,1,2,0,CHAPTER,22,1,1,0,CHAPTER
57-Abruzzo,LUMINOSA,,0,0,0,32,CORE_GRUP,0,0,0,32,CORE_GRUP,0,0,0,32,CORE_GRUP,0,0,0,32,CORE_GRUP,0,0,0,32,CORE_GRUP
57-Abruzzo,TEATE,,0,0,0,11,CORE_GRUP,0,0,0,11,CORE_GRUP,0,0,0,11,CORE_GRUP,0,0,0,11,CORE_GRUP,0,0,0,11,CORE_GRUP
61-Roma NO,BNI A pranzo con gusto,18,19,1,0,0,CHAPTER,0,0,19,0,CORE_GRUP,0,0,0,0,CORE_GRUP,0,0,0,0,CORE_GRUP,0,0,0,0,CORE_GRUP
61-Roma NO,BNI Aurelius,19,20,2,1,0,CHAPTER,19,0,1,0,CHAPTER,19,0,0,0,CHAPTER,19,0,0,0,CHAPTER,19,0,0,0,CHAPTER
61-Roma NO,BNI Blockchain,,0,0,0,15,CORE_GRUP,0,0,0,15,CORE_GRUP,0,0,0,15,CORE_GRUP,0,0,0,15,CORE_GRUP,0,0,0,15,CORE_GRUP
61-Roma NO,BNI Business Match,,0,0,0,14,CORE_GRUP,0,0,0,14,CORE_GRUP,0,0,0,14,CORE_GRUP,0,0,0,14,CORE_GRUP,0,0,0,14,CORE_GRUP
61-Roma NO,Bni Cavalieri,,0,0,0,4,CORE_GRUP,0,0,0,4,CORE_GRUP,0,0,0,4,CORE_GRUP,0,0,0,4,CORE_GRUP,0,0,0,4,CORE_GRUP
61-Roma NO,BNI Forum,37,37,0,0,0,CHAPTER,36,1,2,0,CHAPTER,36,0,0,0,CHAPTER,36,1,1,0,CHAPTER,38,5,3,0,CHAPTER
61-Roma NO,BNI Freccia rossa,18,20,2,0,0,CHAPTER,19,0,1,0,CHAPTER,18,0,1,0,CHAPTER,19,1,0,0,CHAPTER,18,0,1,0,CHAPTER
61-Roma NO,BNI Giuliano Imperatore,,0,0,0,2,CORE_GRUP,0,0,0,2,CORE_GRUP,0,0,0,2,CORE_GRUP,0,0,0,2,CORE_GRUP,0,0,0,2,CORE_GRUP
61-Roma NO,BNI Isola Sacra,22,23,1,0,0,CHAPTER,23,0,0,0,CHAPTER,22,0,1,0,CHAPTER,20,0,2,0,CHAPTER,21,1,0,0,CHAPTER
61-Roma NO,BNI Jolly,,0,0,0,10,CORE_GRUP,0,0,0,10,CORE_GRUP,0,0,0,10,CORE_GRUP,0,0,0,10,CORE_GRUP,0,0,0,10,CORE_GRUP
61-Roma NO,BNI Ladispoli,,0,0,0,5,CORE_GRUP,0,0,0,5,CORE_GRUP,0,0,0,5,CORE_GRUP,0,0,0,5,CORE_GRUP,0,0,0,5,CORE_GRUP
61-Roma NO,BNI Mazzini,23,20,0,3,0,CHAPTER,19,0,1,0,CHAPTER,19,0,0,0,CHAPTER,19,0,0,0,CHAPTER,21,3,1,0,CHAPTER
61-Roma NO,BNI ORA DI PRANZO,17,16,0,1,0,CHAPTER,27,18,7,0,CHAPTER,24,1,4,0,CHAPTER,24,1,1,0,CHAPTER,24,1,1,0,CHAPTER
61-Roma NO,BNI Parioli,26,26,1,1,0,CHAPTER,26,1,1,0,CHAPTER,26,0,0,0,CHAPTER,25,1,2,0,CHAPTER,27,2,0,0,CHAPTER
61-Roma NO,BNI Piazza Bologna,30,30,0,0,0,CHAPTER,31,1,0,0,CHAPTER,28,0,3,0,CHAPTER,28,1,1,0,CHAPTER,28,0,0,0,CHAPTER
61-Roma NO,BNI Ponte Milvio,31,32,2,1,0,CHAPTER,31,1,2,0,CHAPTER,31,0,0,0,CHAPTER,32,1,0,0,CHAPTER,33,1,0,0,CHAPTER
61-Roma NO,BNI Prati,35,33,0,2,0,CHAPTER,33,0,0,0,CHAPTER,30,0,3,0,CHAPTER,28,0,2,0,CHAPTER,30,2,0,0,CHAPTER
61-Roma NO,BNI Raffaele Ricco,24,24,0,0,0,CHAPTER,26,2,0,0,CHAPTER,29,3,0,0,CHAPTER,29,0,0,0,CHAPTER,27,0,2,0,CHAPTER
61-Roma NO,BNI Regal,25,25,1,1,0,CHAPTER,24,0,1,0,CHAPTER,24,1,1,0,CHAPTER,23,0,1,0,CHAPTER,23,0,0,0,CHAPTER
61-Roma NO,BNI Roma Business Lunch,,0,0,0,11,CORE_GRUP,0,0,0,11,CORE_GRUP,0,0,0,11,CORE_GRUP,0,0,0,11,CORE_GRUP,0,0,0,11,CORE_GRUP
61-Roma NO,BNI Salario Trieste,44,44,0,0,0,CHAPTER,44,2,2,0,CHAPTER,45,1,0,0,CHAPTER,48,3,0,0,CHAPTER,52,4,0,0,CHAPTER
62-Roma NE,BNI Aventino,20,20,0,0,0,CHAPTER,21,2,1,0,CHAPTER,19,0,2,0,CHAPTER,18,0,1,0,CHAPTER,16,0,2,0,CHAPTER
62-Roma NE,BNI Giulio Cesare,,0,0,0,2,CORE_GRUP,0,0,0,2,CORE_GRUP,0,0,0,2,CORE_GRUP,0,0,0,2,CORE_GRUP,0,0,0,2,CORE_GRUP
62-Roma NE,BNI I Talenti,26,29,3,0,0,CHAPTER,28,0,1,0,CHAPTER,24,0,4,0,CHAPTER,24,0,0,0,CHAPTER,23,1,2,0,CHAPTER
62-Roma NE,BNI Montesacro,30,34,4,0,0,CHAPTER,29,0,5,0,CHAPTER,22,0,7,0,CHAPTER,22,0,0,0,CHAPTER,24,2,0,0,CHAPTER
62-Roma NE,BNI Nomentum,22,22,0,0,0,CHAPTER,22,0,0,0,CHAPTER,22,0,0,0,CHAPTER,22,0,0,0,CHAPTER,22,0,0,0,CHAPTER
62-Roma NE,BNI Villa Salaria Sport Village,,0,0,0,0,CORE_GRUP,0,0,0,0,CORE_GRUP,0,0,0,0,CORE_GRUP,0,0,0,0,CORE_GRUP,0,0,0,0,CORE_GRUP
63-Roma SO,BNI Baby Boom,,0,0,0,0,CORE_GRUP,0,0,0,0,CORE_GRUP,0,0,0,0,CORE_GRUP,0,0,0,0,CORE_GRUP,0,0,0,0,CORE_GRUP
63-Roma SO,BNI Borghese,30,30,1,1,0,CHAPTER,31,1,0,0,CHAPTER,31,0,0,0,CHAPTER,31,1,1,0,CHAPTER,30,0,1,0,CHAPTER
63-Roma SO,BNI Capitale,,,,,,,21,23,2,0,CHAPTER,23,3,1,0,CHAPTER,23,0,0,0,CHAPTER,23,0,0,0,CHAPTER
63-Roma SO,BNI Castel S.Angelo,29,31,2,0,0,CHAPTER,31,1,1,0,CHAPTER,31,1,1,0,CHAPTER,31,0,0,0,CHAPTER,32,1,0,0,CHAPTER
63-Roma SO,BNI Cola di Rienzo,,0,0,0,0,CORE_GRUP,0,0,0,0,CORE_GRUP,0,0,0,0,CORE_GRUP,0,0,0,0,CORE_GRUP,0,0,0,0,CORE_GRUP
63-Roma SO,BNI Enea,22,19,0,3,0,CHAPTER,20,1,0,0,CHAPTER,20,1,1,0,CHAPTER,21,1,0,0,CHAPTER,22,1,0,0,CHAPTER
63-Roma SO,BNI Gazometro,20,22,2,0,0,CHAPTER,21,0,1,0,CHAPTER,21,1,1,0,CHAPTER,19,0,2,0,CHAPTER,19,0,0,0,CHAPTER
63-Roma SO,BNI Gianicolo,43,44,1,0,0,CHAPTER,44,1,1,0,CHAPTER,43,0,1,0,CHAPTER,43,0,0,0,CHAPTER,41,0,2,0,CHAPTER
63-Roma SO,BNI Giano,42,42,0,0,0,CHAPTER,39,1,4,0,CHAPTER,39,2,2,0,CHAPTER,36,0,3,0,CHAPTER,35,0,1,0,CHAPTER
63-Roma SO,BNI Il Mitreo,,0,0,0,0,CORE_GRUP,0,0,0,0,CORE_GRUP,0,0,0,0,CORE_GRUP,0,0,0,0,CORE_GRUP,0,0,0,0,CORE_GRUP
63-Roma SO,BNI Monteverde,21,22,1,0,0,CHAPTER,23,1,0,0,CHAPTER,24,1,0,0,CHAPTER,26,2,0,0,CHAPTER,27,1,0,0,CHAPTER
63-Roma SO,BNI Nuovo Mondo,,0,0,0,0,CORE_GRUP,0,0,0,0,CORE_GRUP,0,0,0,0,CORE_GRUP,0,0,0,0,CORE_GRUP,0,0,0,0,CORE_GRUP
63-Roma SO,BNI Ostia,41,41,1,1,0,CHAPTER,41,0,0,0,CHAPTER,42,1,0,0,CHAPTER,42,0,0,0,CHAPTER,33,5,14,0,CHAPTER
63-Roma SO,BNI Porto di Roma,17,19,3,1,0,CHAPTER,18,0,1,0,CHAPTER,16,1,3,0,CHAPTER,17,1,0,0,CHAPTER,19,2,0,0,CHAPTER
63-Roma SO,BNI Roma Centro,30,30,1,1,0,CHAPTER,31,1,0,0,CHAPTER,29,0,2,0,CHAPTER,31,2,0,0,CHAPTER,31,0,0,0,CHAPTER
63-Roma SO,BNI Romaeur,22,23,2,1,0,CHAPTER,26,3,0,0,CHAPTER,23,2,5,0,CHAPTER,24,2,1,0,CHAPTER,24,0,0,0,CHAPTER
63-Roma SO,BNI Rome International,23,23,0,0,0,CHAPTER,23,0,0,0,CHAPTER,20,0,3,0,CHAPTER,16,1,5,0,CHAPTER,17,1,0,0,CHAPTER
63-Roma SO,BNI San Giovanni,17,20,3,0,0,CHAPTER,20,1,1,0,CHAPTER,19,1,2,0,CHAPTER,19,0,0,0,CHAPTER,20,1,0,0,CHAPTER
63-Roma SO,BNI Sky Tower,17,17,0,0,0,CHAPTER,18,2,1,0,CHAPTER,20,2,0,0,CHAPTER,20,0,0,0,CHAPTER,20,0,0,0,CHAPTER
63-Roma SO,BNI Termini,33,34,1,0,0,CHAPTER,34,0,0,0,CHAPTER,35,1,0,0,CHAPTER,37,2,0,0,CHAPTER,37,0,0,0,CHAPTER
63-Roma SO,BNI Trastevere,24,23,1,2,0,CHAPTER,23,0,0,0,CHAPTER,23,0,0,0,CHAPTER,23,0,0,0,CHAPTER,23,0,0,0,CHAPTER
63-Roma SO,BNI Vaticano,17,17,0,0,0,CHAPTER,17,0,0,0,CHAPTER,18,1,0,0,CHAPTER,19,1,0,0,CHAPTER,19,0,0,0,CHAPTER
64-Roma SE,BNI Castelli Romani,,0,0,0,0,CORE_GRUP,0,0,0,0,CORE_GRUP,0,0,0,0,CORE_GRUP,0,0,0,0,CORE_GRUP,0,0,0,0,CORE_GRUP
64-Roma SE,BNI Castelli Romani,16,0,0,16,0,CHAPTER,0,0,0,0,CORE_GRUP,0,0,0,0,CORE_GRUP,0,0,0,0,CORE_GRUP,0,0,0,0,CORE_GRUP
64-Roma SE,BNI Colli Albani,,0,0,0,0,CORE_GRUP,0,0,0,0,CORE_GRUP,0,0,0,0,CORE_GRUP,0,0,0,0,CORE_GRUP,0,0,0,0,CORE_GRUP
64-Roma SE,BNI Tusculum,39,40,3,2,0,CHAPTER,40,0,0,0,CHAPTER,40,0,0,0,CHAPTER,40,0,0,0,CHAPTER,41,1,0,0,CHAPTER
64A-Roma Sud Est Città,BNI 7Colli,,0,0,0,6,CORE_GRUP,0,0,0,6,CORE_GRUP,0,0,0,6,CORE_GRUP,0,0,0,6,CORE_GRUP,0,0,0,6,CORE_GRUP
64A-Roma Sud Est Città,BNI Cinecittà,,,,,,,,,,,,,,,,,20,20,0,0,CHAPTER,21,1,0,0,CHAPTER
68-Perugia,BNI Assisi Il Cantico,31,29,1,3,0,CHAPTER,30,2,1,0,CHAPTER,30,0,0,0,CHAPTER,29,0,1,0,CHAPTER,29,1,1,0,CHAPTER
68-Perugia,BNI Due Mondi Spoleto,27,30,4,1,0,CHAPTER,32,4,2,0,CHAPTER,32,0,0,0,CHAPTER,36,4,0,0,CHAPTER,40,4,0,0,CHAPTER
68-Perugia,Bni Invictus,24,25,3,2,0,CHAPTER,29,4,0,0,CHAPTER,30,1,0,0,CHAPTER,30,0,0,0,CHAPTER,30,0,0,0,CHAPTER
68-Perugia,BNI Prometeus Perugia,25,25,0,0,0,CHAPTER,26,1,0,0,CHAPTER,25,0,1,0,CHAPTER,19,0,6,0,CHAPTER,21,2,0,0,CHAPTER
68-Perugia,Let's,,0,0,0,6,CORE_GRUP,0,0,0,6,CORE_GRUP,0,0,0,6,CORE_GRUP,0,0,0,6,CORE_GRUP,0,0,0,6,CORE_GRUP
71-Napoli NO,BNI Angioino,26,27,1,0,0,CHAPTER,29,2,0,0,CHAPTER,29,0,0,0,CHAPTER,29,0,0,0,CHAPTER,31,2,0,0,CHAPTER
71-Napoli NO,BNI I Normanni,,0,0,0,6,CORE_GRUP,0,0,0,6,CORE_GRUP,0,0,0,6,CORE_GRUP,0,0,0,6,CORE_GRUP,0,0,0,6,CORE_GRUP
71-Napoli NO,BNI Liternum,,0,0,0,0,CORE_GRUP,0,0,0,0,CORE_GRUP,0,0,0,0,CORE_GRUP,0,0,0,0,CORE_GRUP,0,0,0,0,CORE_GRUP
71-Napoli NO,BNI Neapolis,51,51,0,0,0,CHAPTER,50,1,2,0,CHAPTER,42,1,9,0,CHAPTER,43,2,1,0,CHAPTER,45,2,0,0,CHAPTER
71-Napoli NO,BNI Real Capodimonte,,0,0,0,8,CORE_GRUP,0,0,0,8,CORE_GRUP,0,0,0,8,CORE_GRUP,0,0,0,8,CORE_GRUP,0,0,0,8,CORE_GRUP
71-Napoli NO,BNI Sirentum,,0,0,0,0,CORE_GRUP,0,0,0,0,CORE_GRUP,0,0,0,0,CORE_GRUP,0,0,0,0,CORE_GRUP,0,0,0,0,CORE_GRUP
71-Napoli NO,BNI Virgiliano,25,26,1,0,0,CHAPTER,27,1,0,0,CHAPTER,28,1,0,0,CHAPTER,28,0,0,0,CHAPTER,29,1,0,0,CHAPTER
73-Salerno,BNI Arechi II,24,22,0,2,0,CHAPTER,24,3,1,0,CHAPTER,22,0,2,0,CHAPTER,23,1,0,0,CHAPTER,24,2,1,0,CHAPTER
73-Salerno,BNI Castello Doria,29,29,0,0,0,CHAPTER,29,0,0,0,CHAPTER,29,0,0,0,CHAPTER,29,0,0,0,CHAPTER,29,0,0,0,CHAPTER
73-Salerno,Salerno III,,0,0,0,0,CORE_GRUP,0,0,0,0,CORE_GRUP,0,0,0,0,CORE_GRUP,0,0,0,0,CORE_GRUP,0,0,0,0,CORE_GRUP
84-Bari Est,BNI Adriatico,,0,0,0,0,CORE_GRUP,0,0,0,0,CORE_GRUP,0,0,0,0,CORE_GRUP,0,0,0,0,CORE_GRUP,0,0,0,0,CORE_GRUP
84-Bari Est,BNI Apulia,,0,0,0,0,CORE_GRUP,0,0,0,0,CORE_GRUP,0,0,0,0,CORE_GRUP,0,0,0,0,CORE_GRUP,0,0,0,0,CORE_GRUP
84-Bari Est,BNI Barion,,0,0,0,0,CORE_GRUP,0,0,0,0,CORE_GRUP,0,0,0,0,CORE_GRUP,0,0,0,0,CORE_GRUP,0,0,0,0,CORE_GRUP
84-Bari Est,BNI Mediterraneo,,0,0,0,0,CORE_GRUP,0,0,0,0,CORE_GRUP,0,0,0,0,CORE_GRUP,0,0,0,0,CORE_GRUP,0,0,0,0,CORE_GRUP
88-Lecce,Pizzica Salentina,,0,0,0,1,CORE_GRUP,0,0,0,1,CORE_GRUP,0,0,0,1,CORE_GRUP,0,0,0,1,CORE_GRUP,0,0,0,1,CORE_GRUP
88-Lecce,"Sole, Mare e Vento",,0,0,0,0,CORE_GRUP,0,0,0,0,CORE_GRUP,0,0,0,0,CORE_GRUP,0,0,0,0,CORE_GRUP,0,0,0,0,CORE_GRUP
93-Ragusa,BNI Donnafugata,,0,0,0,3,CORE_GRUP,0,0,0,3,CORE_GRUP,0,0,0,3,CORE_GRUP,0,0,0,3,CORE_GRUP,0,0,0,3,CORE_GRUP
93-Ragusa,BNI Hybla,,0,0,0,3,CORE_GRUP,0,0,0,3,CORE_GRUP,0,0,0,3,CORE_GRUP,0,0,0,3,CORE_GRUP,0,0,0,3,CORE_GRUP
95-Palermo Ovest,BNI Politeama,,0,0,0,0,CORE_GRUP,0,0,0,0,CORE_GRUP,0,0,0,0,CORE_GRUP,0,0,0,0,CORE_GRUP,0,0,0,0,CORE_GRUP
96-Sardegna Nord,BNI Sassari Thàmus,,,,,,,,,,,,,,,,,,,,,,23,23,0,0,CHAPTER
96-Sardegna Nord,I Candelieri,,0,0,0,1,CORE_GRUP,0,0,0,1,CORE_GRUP,0,0,0,1,CORE_GRUP,0,0,0,1,CORE_GRUP,0,0,0,1,CORE_GRUP
97-Sardegna Sud,BNI I Magnifici,,0,0,0,1,CORE_GRUP,0,0,0,1,CORE_GRUP,0,0,0,1,CORE_GRUP,0,0,0,1,CORE_GRUP,0,0,0,1,CORE_GRUP
97-Sardegna Sud,BNI Karalis,27,26,0,1,0,CHAPTER,28,2,0,0,CHAPTER,28,0,0,0,CHAPTER,27,0,1,0,CHAPTER,27,1,1,0,CHAPTER
97-Sardegna Sud,BNI PINTADERA,,0,0,0,5,CORE_GRUP,0,0,0,5,CORE_GRUP,0,0,0,5,CORE_GRUP,0,0,0,5,CORE_GRUP,0,0,0,5,CORE_GRUP
97-Sardegna Sud,BNI Saint Remy,,0,0,0,10,CORE_GRUP,0,0,0,10,CORE_GRUP,0,0,0,10,CORE_GRUP,0,0,0,10,CORE_GRUP,0,0,0,10,CORE_GRUP