"ID","Id_Region","Id_Cap","Nome","Id_Director","Stato","DataCore","DataCap","ConfDataCore","ConfDataCap","MembriIni","appT2","appT3","appT4","appR","MemLancio","MemLancioRes"
"1","1","1","BNI - EMPOLI","2","CAPITOLO","2016-04","2017-04","1","1","30","a","n","n","a","0","0"
"2","1","2","BNI - FIRENZE","1","CAPITOLO","2015-10","2016-04","1","1","33","a","n","n","a","0","0"
"3","1","3","BNI - CASTELFIORENTINO","2","CAPITOLO","2017-03","2019-07","1","1","23","a","n","n","a","23","23"
"4","1","4","BNI - GRANDUCATO","1","CAPITOLO","2018-04","2019-07","1","1","10","a","n","n","a","23","23"
"5","1","5","BNI - VALDELSA","2","CAPITOLO","2017-01","2018-06","1","1","37","a","n","n","a","0","0"
"6","1","6","BNI - SIGNORIA","2","CAPITOLO","2018-07","2018-12","1","1","27","a","n","n","a","0","0"
"7","1","7","BNI - IN CHIANTI","2","CAPITOLO","2018-05","2018-09","1","1","18","a","n","n","a","0","0"
"8","1","8","BNI - MAGNIFICO","3","CAPITOLO","2017-03","2018-10","1","1","19","a","n","n","a","0","0"
"9","1","9","BNI - CICLONE","2","CAPITOLO","2017-02","2018-04","1","1","25","a","n","n","a","0","0"
"10","1","10","BNI - AREZZO","2","CAPITOLO","2019-02","2019-12","1","1","0","a","n","n","a","18","18"
"11","1","11","BNI - CUOIO","3","CAPITOLO","2018-01","2019-11","1","1","10","a","n","n","a","24","24"
"13","2","1","BNI - RELACTIONSHIP","198","CAPITOLO","2018-11","2018-12","1","1","21","a","n","n","a","0","0"
"14","2","2","BNI - CARROCCIO","206","CAPITOLO","2018-11","2018-12","1","1","25","a","n","n","a","0","0"
"15","2","3","BNI - CENTRALE","197","CAPITOLO","2018-11","2018-12","1","1","30","a","n","n","a","0","0"
"16","2","4","BNI - CERTOSA","194","CAPITOLO","2018-11","2018-12","1","1","20","a","n","n","a","0","0"
"17","2","5","BNI - CHALLENGE","197","CAPITOLO","2018-11","2018-12","1","1","25","a","n","n","a","0","0"
"18","2","6","BNI - COMMUNION","202","CAPITOLO","2018-11","2018-12","1","1","32","a","n","n","a","0","0"
"19","2","7","BNI - FA-RHO BUSINESS","8","CHIUSO","2018-11","2018-12","1","1","29","n","n","n","a","0","0"
"20","2","8","BNI - HAPPY HOUR","198","CAPITOLO","2018-11","2018-12","1","1","18","a","n","n","a","0","0"
"21","2","9","BNI - L'ARESINO","8","CAPITOLO","2018-11","2018-12","1","1","27","a","n","n","a","0","0"
"22","2","10","BNI - LE CONTRADE","205","CAPITOLO","2018-11","2018-12","1","1","23","a","n","n","a","0","0"
"23","2","11","BNI - MAGGIOLINI","192","CAPITOLO","2018-11","2018-12","1","1","33","a","n","n","a","0","0"
"24","2","12","BNI - PALIO","192","CAPITOLO","2018-11","2018-12","1","1","24","a","n","n","a","0","0"
"25","2","13","BNI - SEMPIONE","193","CAPITOLO","2018-11","2018-12","1","1","26","a","n","n","a","0","0"
"26","2","14","BNI - VILLA LITTA","8","CAPITOLO","2018-11","2018-12","1","1","28","a","n","n","a","0","0"
"27","2","15","BNI - VILLORESI","8","CAPITOLO","2018-11","2018-12","1","1","29","a","n","n","a","0","0"
"28","2","16","BNI - TAAAC","194","CAPITOLO","2018-11","2019-11","1","1","3","a","n","n","a","26","26"
"29","2","17","BNI - CORNIOLO","204","CAPITOLO","2018-11","2019-04","1","1","15","a","n","n","a","38","38"
"30","2","18","BNI - R-EVOLUTION","198","CAPITOLO","2018-11","2019-12","1","1","4","a","n","n","a","28","28"
"31","2","19","BNI - SFORZESCO","206","CORE GROUP","2018-11",,"1","0","9","a","n","n","a","0","0"
"32","2","20","BNI - CITY LIFE","199","CAPITOLO","2019-04","2020-03","1","1","0","a","n","n","a","0","0"
"33","4","1","BNI - DE AMICIS","11","CAPITOLO","2018-11","2018-12","1","1","30","a","p","n","a","0","0"
"34","4","2","BNI - DI MALTA","11","CAPITOLO","2018-11","2018-12","1","1","31","a","n","n","a","0","0"
"35","4","3","BNI - LEONARDO","113","CHIUSO","2018-11","2018-12","1","1","17","a","n","n","a","0","0"
"36","4","4","BNI - MADONNINA","11","CAPITOLO","2018-11","2018-12","1","1","20","a","n","n","a","0","0"
"37","4","5","BNI - PALESTRO","11","CAPITOLO","2018-11","2018-12","1","1","18","a","n","n","a","0","0"
"38","4","6","BNI - LA HORA FELIZ","114","CAPITOLO","2018-11","2019-10","1","1","9","a","n","n","a","19","19"
"39","4","7","BNI - F.I.G.O.","113","CAPITOLO","2019-04","2019-10","1","1","0","a","n","n","a","23","23"
"40","4","8","BNI - TAGIURA","113","CAPITOLO","2019-11","2019-12","1","1","0","a","n","n","a","23","23"
"41","10","1","BNI - ALFREDO BINDA","207","CAPITOLO","2018-11","2018-12","1","1","32","a","n","n","a","0","0"
"42","10","2","BNI - CASTELLO","212","CAPITOLO","2018-11","2018-12","1","1","26","a","n","n","a","0","0"
"43","10","3","BNI - GALLO ROSSO","209","CAPITOLO","2018-11","2018-12","1","1","23","a","n","n","a","0","0"
"44","10","4","BNI - GIARDINO","210","CAPITOLO","2018-11","2018-12","1","1","26","a","n","n","a","0","0"
"45","10","5","BNI - LA RONDINE","13","CHIUSO","2018-11","2018-12","1","1","19","n","n","n","a","0","0"
"46","10","6","BNI - SACRO MONTE","13","CAPITOLO","2018-11","2018-12","1","1","42","a","n","n","a","0","0"
"47","10","7","BNI - RISORGIMENTO","209","CAPITOLO","2018-11","2018-12","1","1","24","a","n","n","a","0","0"
"48","10","8","BNI - BROLETTO","208","CAPITOLO","2018-11","2019-04","1","1","15","a","n","n","a","26","26"
"49","10","9","BNI - FRERA","207","CORE GROUP","2019-04",,"1","0","0","a","n","n","a","0","0"
"51","10","11","BNI - MATCH POINT","212","CORE GROUP","2019-04","2020-07","1","0","0","a","n","n","a","0","0"
"53","12","1","BNI - CREMONA AMICI MIEI","15","CAPITOLO","2018-11","2018-12","1","1","48","a","n","n","a","0","0"
"54","12","2","BNI - GALILEO","86","CAPITOLO","2018-11","2018-12","1","1","40","a","n","n","a","0","0"
"55","12","3","BNI - I MILITI","87","CAPITOLO","2018-11","2018-12","1","1","22","a","n","n","a","0","0"
"56","12","4","BNI - TICINUM","15","CAPITOLO","2018-11","2018-12","1","1","37","a","n","n","a","0","0"
"58","12","6","BNI - LA TAVOLA ROTONDA","88","CAPITOLO","2019-01","2019-04","1","1","0","a","n","n","a","23","23"
"59","12","7","BNI - DA VINCI","88","CAPITOLO","2019-04","2019-12","1","1","0","a","n","n","a","28","28"
"60","12","8","BNI - GUTTURNIO","211","CORE GROUP","2019-11",,"1","0","0","a","n","n","a","0","0"
"61","14","1","BNI - ADIGE","17","CAPITOLO","2018-11","2018-12","1","1","29","a","n","n","a","0","0"
"62","14","2","BNI - ARENA","125","CAPITOLO","2018-11","2018-12","1","1","35","a","n","n","a","0","0"
"63","14","3","BNI - BORGO LIBERO","125","CAPITOLO","2018-11","2018-12","1","1","32","a","n","n","a","0","0"
"64","14","4","BNI - SALIERI","17","CAPITOLO","2018-10","2018-11","1","1","21","a","n","n","a","0","0"
"65","14","5","BNI - SCALIGERO","125","CAPITOLO","2019-01","2019-02","1","1","0","a","n","n","a","20","20"
"66","14","6","BNI - LA FORTEZZA","126","CAPITOLO","2019-02","2019-11","1","1","0","a","n","n","a","28","28"
"67","14","7","BNI - AMARONE VALPOLICELLA","17","CAPITOLO","2019-01",,"1","0","0","a","n","n","a","0","0"
"68","15","1","BNI - PRATO DELLA VALLE","18","CAPITOLO","2018-11","2018-12","1","1","25","p","n","n","a","0","0"
"69","15","2","BNI - SCROVEGNI","18","CAPITOLO","2018-11","2018-12","1","1","19","p","n","n","a","0","0"
"70","15","3","BNI - SERENISSIMA","18","CAPITOLO","2018-11","2018-12","1","1","20","p","n","n","p","0","0"
"71","15","4","BNI - SPRITZ","18","CAPITOLO","2018-11","2018-12","1","1","38","p","n","n","a","0","0"
"72","15","5","BNI - BERSAGLIERI","228","CAPITOLO","2018-11","2019-02","1","1","17","p","n","n","a","24","24"
"74","15","7","BNI - PADOVA LUNCH","18","CORE GROUP","2018-12",,"1","0","1","n","n","n","n","0","0"
"75","15","8","BNI - WIFI","227","CORE GROUP","2018-12",,"1","0","0","n","n","n","n","0","0"
"76","15","9","BNI - ROVERELLA","228","CORE GROUP","2019-09",,"1","0","0","n","n","n","p","0","0"
"77","16","1","BNI - I DO MORI","19","CAPITOLO","2018-11","2018-09","1","1","35","a","p","n","a","0","0"
"78","16","2","BNI - IL LEONE DI SAN MARCO","107","CAPITOLO",,"2017-06","1","1","29","p","n","n","a","0","0"
"79","16","3","BNI - RIVIERA DEL BRENTA","106","CAPITOLO","2018-11",,"1","0","8","a","n","n","a","0","0"
"80","16","4","BNI - MARCO POLO","19","CAPITOLO","2018-11","2019-05","1","1","16","a","p","n","a","35","35"
"81","16","5","BNI - LIDI DEI DOGI","106","CAPITOLO","2019-01","2019-06","1","1","0","a","n","n","a","35","35"
"82","16","6","BNI - L'ARSENALE","19","CORE GROUP","2019-11",,"1","0","0","a","n","n","a","0","0"
"83","17","1","BNI - CIMA","20","CAPITOLO","2018-11","2018-12","1","1","31","a","n","n","a","0","0"
"84","17","2","BNI - PROSECCO","20","CAPITOLO","2018-11","2018-12","1","1","24","a","n","n","a","0","0"
"85","17","3","BNI - PIAZZA DEL GRANO","20","CAPITOLO","2018-11","2019-04","1","1","23","a","n","n","a","23","23"
"86","17","4","BNI - BELLUNO DOLOMITI","20","CAPITOLO","2018-11","2019-04","1","1","12","a","n","n","a","21","21"
"87","17","5","BNI - VITTORIO VENETO","20","CORE GROUP","2019-04",,"1","0","0","a","n","n","a","0","0"
"89","17","7","BNI - LA NUOVA PERLA","20","CORE GROUP","2019-04",,"1","0","0","a","n","n","a","0","0"
"90","17","8","BNI - ODERZO","20","CORE GROUP","2019-12",,"1","0","0","a","n","n","a","0","0"
"91","18","1","BNI - JONAGOLD","21","CAPITOLO","2018-11","2018-12","1","1","38","a","n","n","a","0","0"
"92","18","2","BNI - MORGENDUFT","21","CAPITOLO","2018-11","2018-12","1","1","14","a","n","n","a","0","0"
"93","18","3","BNI - RED","223","CAPITOLO","2018-11","2018-12","1","1","27","a","n","n","a","0","0"
"94","18","4","BNI - RENETTA","49","CAPITOLO","2018-11","2018-12","1","1","44","a","n","n","a","0","0"
"95","18","5","BNI - GRAFENSTAINER","52","CAPITOLO","2018-11","2019-04","1","1","15","a","n","n","a","28","28"
"96","18","6","BNI - PINOVA","49","CAPITOLO","2018-11","2019-02","1","1","18","a","n","n","a","26","26"
"97","18","7","BNI - GALA","49","CAPITOLO","2018-11","2019-02","1","1","9","a","n","n","a","19","19"
"98","18","8","BNI - GOLDEN","50","CORE GROUP","2019-06",,"1","0","0","a","n","n","a","0","0"
"99","18","9","BNI - STARK","51","CAPITOLO","2019-09",,"1","0","0","a","n","n","a","0","0"
"100","19","1","BNI - ALBERTO PIO","144","CAPITOLO","2018-11","2018-12","1","1","47","a","n","n","a","0","0"
"101","19","2","BNI - BUGATTI MODENA","144","CAPITOLO","2018-11","2018-12","1","1","23","a","n","n","a","0","0"
"102","19","3","BNI - CASTIGLIONE","121","CAPITOLO","2018-11","2018-12","1","1","23","a","n","n","a","0","0"
"103","19","4","BNI - ESTENSE","144","CAPITOLO","2018-11","2018-12","1","1","32","a","n","n","a","0","0"
"104","19","5","BNI - GONZAGA","22","CAPITOLO","2018-11","2018-12","1","1","66","a","n","n","a","0","0"
"105","19","6","BNI - LAMBORGHINI","144","CAPITOLO","2018-11","2018-12","1","1","32","a","n","n","a","0","0"
"106","19","7","BNI - PICO DELLA MIRANDOLA","121","CAPITOLO","2018-11","2018-12","1","1","67","a","n","n","a","0","0"
"107","19","8","BNI - RIGOLETTO","121","CAPITOLO","2018-11","2018-12","1","1","37","a","n","n","a","0","0"
"108","19","9","BNI - SAN GIORGIO","121","CAPITOLO","2018-11","2018-12","1","1","58","a","n","n","a","0","0"
"109","19","10","BNI - SAXOLUM","144","CAPITOLO","2018-11","2018-12","1","1","38","a","n","n","a","0","0"
"111","19","12","BNI - PIERO GIGLI","124","CAPITOLO","2019-09","2020-01","1","0","0","a","n","n","a","0","0"
"112","5","1","BNI - ANDROMEDA","4","CAPITOLO","2018-11","2018-12","1","1","35","a","n","n","a","0","0"
"113","5","2","BNI - BROOKLYN","4","CAPITOLO","2018-11","2018-12","1","1","37","a","n","n","a","0","0"
"114","5","3","BNI - CIT TURIN","4","CAPITOLO","2018-11","2018-12","1","1","27","a","n","n","a","0","0"
"115","5","4","BNI - DALLAS","4","CAPITOLO","2018-11","2018-12","1","1","23","a","n","n","a","0","0"
"116","5","5","BNI - EPOREDIA","4","CAPITOLO","2018-11","2018-12","1","1","35","a","n","n","a","0","0"
"117","5","6","BNI - FLORIDA","4","CAPITOLO","2018-11","2018-12","1","1","43","a","n","n","a","0","0"
"118","5","7","BNI - HOLLYWOOD","4","CAPITOLO","2018-11","2018-12","1","1","59","a","n","n","a","0","0"
"119","5","8","BNI - LA MOLE","4","CAPITOLO","2018-11","2018-12","1","1","28","a","n","n","a","0","0"
"120","5","9","BNI - LA REGGIA","4","CAPITOLO","2018-11","2018-12","1","1","23","a","n","n","a","0","0"
"121","5","10","BNI - LAS VEGAS","4","CAPITOLO","2018-11","2018-12","1","1","30","a","n","n","a","0","0"
"122","5","11","BNI - MANHATTAN","4","CAPITOLO","2018-11","2018-12","1","1","29","a","n","n","a","0","0"
"123","5","12","BNI - MOZART","4","CAPITOLO","2018-11","2018-12","1","1","26","a","n","n","a","0","0"
"124","5","13","BNI - OLTREPO","4","CAPITOLO","2018-11","2018-12","1","1","43","a","n","n","a","0","0"
"125","5","14","BNI - PEGASO","4","CAPITOLO","2018-11","2018-12","1","1","28","a","n","n","a","0","0"
"126","5","15","BNI - WALL STREET","4","CAPITOLO","2018-11","2018-12","1","1","63","a","n","n","a","0","0"
"127","5","16","BNI - SFERA","4","CAPITOLO","2018-11","2019-08","1","1","11","a","n","n","a","34","34"
"128","6","1","BNI - BICERIN","6","CAPITOLO","2018-11","2018-12","1","1","30","a","n","n","a","0","0"
"129","6","2","BNI - ERBALUCE","6","CAPITOLO","2018-11","2018-12","1","1","34","a","n","n","a","0","0"
"130","6","3","BNI - ERIDANO","6","CAPITOLO","2018-11","2018-12","1","1","25","a","n","n","a","0","0"
"131","6","4","BNI - FUSION","6","CAPITOLO","2018-11","2018-12","1","1","31","a","n","n","a","0","0"
"132","6","5","BNI - GOLD","6","CAPITOLO","2018-11","2018-12","1","1","31","a","n","n","a","0","0"
"133","6","6","BNI - JOBS","6","CAPITOLO","2018-11","2018-12","1","1","32","a","n","n","a","0","0"
"134","6","7","BNI - MERAVIGLIA","6","CAPITOLO","2018-11","2018-12","1","1","26","a","n","n","a","0","0"
"135","6","8","BNI - MONVISO","6","CAPITOLO","2018-11","2018-12","1","1","33","a","n","n","a","0","0"
"136","6","9","BNI - MUSINÉ","6","CAPITOLO","2018-11","2018-12","1","1","41","a","n","n","a","0","0"
"137","6","10","BNI - NEBBIOLO","6","CAPITOLO","2018-11","2018-12","1","1","26","a","n","n","a","0","0"
"138","6","11","BNI - PINEROLO","6","CAPITOLO","2018-11","2018-12","1","1","38","a","n","n","a","0","0"
"139","6","12","BNI - VALORE","6","CAPITOLO","2018-11","2018-12","1","1","26","a","n","n","a","0","0"
"140","6","13","BNI - CENTOTORRI","6","CAPITOLO","2018-11","2019-01","1","1","30","a","n","n","a","47","47"
"141","6","14","BNI - YOUNG UNDER 33","6","CHIUSO","2018-11","2019-01","1","1","11","n","n","n","a","23","23"
"142","6","15","BNI - POWER","6","CAPITOLO","2018-11","2019-07","1","1","6","a","n","n","a","39","39"
"143","6","16","BNI - VAL SANGONE","6","CAPITOLO","2019-04","2019-09","1","1","0","a","n","n","a","26","26"
"144","7","1","BNI - 3 LAGHI","38","CAPITOLO","2018-11","2018-12","1","1","25","a","n","n","a","0","0"
"145","7","2","BNI - AIRONE","38","CAPITOLO","2018-11","2018-12","1","1","37","a","n","n","a","0","0"
"146","7","3","BNI - BIELLA","38","CAPITOLO","2018-11","2018-12","1","1","50","a","n","n","a","0","0"
"147","7","4","BNI - FUTURA","145","CAPITOLO","2018-11","2018-12","1","1","33","a","n","n","a","0","0"
"148","7","5","BNI - IL ROSA","38","CAPITOLO","2018-11","2018-12","1","1","44","a","n","n","a","0","0"
"149","7","6","BNI - LE COLLINE","39","CAPITOLO","2018-11","2018-12","1","1","31","a","n","n","a","0","0"
"150","7","7","BNI - LUMIERE","40","CAPITOLO","2018-11","2018-12","1","1","20","a","n","n","a","0","0"
"151","7","8","BNI - MONTE BIANCO","40","CAPITOLO","2018-11","2018-12","1","1","26","a","n","n","a","0","0"
"152","7","9","BNI - TICINO","38","CAPITOLO","2018-11","2018-12","1","1","28","a","n","n","a","0","0"
"153","7","10","BNI - CINQUE CAMPANE","146","CAPITOLO","2018-11","2019-04","1","1","16","a","n","n","a","26","26"
"154","7","11","BNI - OXILIA","147","CORE GROUP","2019-12",,"1","0","0","a","n","n","a","0","0"
"155","7","12","BNI - IL PONTE DI GALLIATE","150","CORE GROUP","2019-12",,"1","0","0","a","n","n","a","0","0"
"156","7","13","BNI - VILLA CICOGNA","148","CORE GROUP","2019-12",,"1","0","0","a","n","n","a","0","0"
"157","7","14","BNI - FRA DOLCINO","152","CORE GROUP","2019-12",,"1","0","0","a","p","n","a","0","0"
"158","8","1","BNI - ANDALÒ","45","CAPITOLO","2018-11","2018-12","1","1","18","a","n","n","a","0","0"
"159","8","2","BNI - MINOTAURO","42","CAPITOLO","2018-11","2018-12","1","1","22","a","n","n","a","0","0"
"160","8","3","BNI - PANTERA","9","CAPITOLO","2018-11","2018-12","1","1","20","a","n","n","a","0","0"
"161","8","4","BNI - LEVANTE","42","CAPITOLO","2018-11","2018-12","1","1","17","a","n","n","a","0","0"
"162","8","5","BNI - SEXTUM","9","CAPITOLO","2018-11","2018-12","1","1","17","a","n","n","a","0","0"
"163","8","6","BNI - VITTORIA","43","CAPITOLO","2018-11","2018-12","1","1","33","a","n","n","a","0","0"
"164","8","7","BNI - PLEIADI","9","CAPITOLO","2018-11","2019-04","1","1","33","a","n","n","a","38","38"
"165","8","8","BNI - COLLECTION","41","CORE GROUP","2018-11",,"1","0","10","a","n","n","a","0","0"
"166","8","9","BNI - PERSEO","42","CHIUSO","2018-11",,"1","0","12","n","n","n","a","0","0"
"167","8","10","BNI - GENOVINO","45","CORE GROUP","2020-03",,"0","0","0","a","n","n","a","0","0"
"168","8","11","BNI - MAESTRALE","44","PROGETTO","2020-03",,"0","0","0","a","n","n","a","0","0"
"169","8","12","BNI - POLCEVERA","46","CORE GROUP","2020-03",,"0","0","0","a","n","n","a","0","0"
"170","20","1","BNI - ANTONIO ALLEGRI","63","CAPITOLO","2018-11","2018-12","1","1","32","a","n","n","a","0","0"
"171","20","2","BNI - LA PILOTTA","65","CAPITOLO","2018-11","2018-12","1","1","22","a","p","n","a","0","0"
"173","20","4","BNI - LA ROCCA","61","CAPITOLO","2018-11","2018-12","1","1","43","a","n","n","a","0","0"
"174","20","5","BNI - MARIA LUIGIA","61","CAPITOLO","2018-11","2018-12","1","1","30","a","n","n","a","0","0"
"175","20","6","BNI - MATILDE DI CANOSSA","63","CAPITOLO","2018-11","2018-12","1","1","42","a","n","n","a","0","0"
"176","20","7","BNI - PETITOT","65","CAPITOLO","2018-11","2018-12","1","1","33","a","n","n","a","0","0"
"177","20","8","BNI - SPALLANZANI","63","CAPITOLO","2018-11","2018-12","1","1","28","a","n","n","a","0","0"
"178","20","9","BNI - TRICOLORE","67","CAPITOLO","2018-11","2018-12","1","1","27","a","n","n","a","0","0"
"179","20","10","BNI - DIAMANTE","63","CAPITOLO","2018-11","2019-02","1","1","38","a","n","n","a","90","90"
"180","20","11","BNI - DUCALE","68","CAPITOLO","2018-11","2019-07","1","1","3","a","n","n","a","31","31"
"181","20","12","BNI - VA PENSIERO","63","CAPITOLO",,"2019-04","0","1","0","a","n","n","a","49","49"
"183","20","14","BNI - PORTOVENERE","63","CORE GROUP","2019-09",,"1","0","0","a","n","n","a","0","0"
"184","20","15","BNI - PIER MARIA ROSSI","73","CORE GROUP","2019-12",,"1","0","0","a","n","n","a","0","0"
"185","21","1","BNI - LA VERSILIA","166","CAPITOLO","2018-11","2018-12","1","1","22","a","a","n","a","0","0"
"186","21","2","BNI - LUCCA","24","CAPITOLO","2018-11","2018-12","1","1","26","a","a","n","a","0","0"
"187","21","3","BNI - NOTTOLINI","24","CAPITOLO","2018-11","2018-12","1","1","23","a","n","n","a","0","0"
"188","21","4","BNI - PRATO","24","CAPITOLO","2018-11","2018-12","1","1","19","a","n","n","a","0","0"
"189","21","5","BNI - PUCCINI","24","CAPITOLO","2018-11","2018-12","1","1","27","a","n","n","a","0","0"
"190","21","6","BNI - HELLANA","24","CAPITOLO","2019-04","2019-12","1","1","0","a","n","n","a","20","20"
"191","21","7","BNI - BLUES","24","CAPITOLO","2019-04","2019-12","1","1","0","a","n","n","a","19","19"
"192","21","8","BNI - PONTE DELLA MADDALENA","24","CORE GROUP","2019-12",,"1","0","0","a","n","n","a","0","0"
"193","21","9","BNI - Botero","24","CORE GROUP","2019-12",,"1","0","0","a","n","n","a","0","0"
"194","22","1","BNI - FELSINEA","25","CAPITOLO","2018-11","2018-12","1","1","47","a","n","n","a","0","0"
"195","22","2","BNI - FIBONACCI","25","CAPITOLO","2018-11","2018-12","1","1","40","a","n","n","a","0","0"
"196","22","3","BNI - PARETO","96","CAPITOLO","2018-11","2018-12","1","1","69","a","n","n","a","0","0"
"197","22","4","BNI - SAN PETRONIO","25","CAPITOLO","2018-11","2018-12","1","1","53","a","n","n","a","0","0"
"198","22","5","BNI - VITTORIA BOLOGNA","96","CAPITOLO","2018-11","2018-12","1","1","53","a","n","n","a","0","0"
"199","22","6","BNI - DUCATI","25","CAPITOLO","2018-11","2019-02","1","1","19","a","n","n","a","36","36"
"200","22","7","BNI - MONNALISA","25","CAPITOLO","2018-11","2019-02","1","1","11","a","n","n","a","18","18"
"201","22","8","BNI - NETTUNO","96","CAPITOLO","2018-11","2019-02","1","1","23","a","n","n","a","35","35"
"202","22","9","BNI - BACCANALE","97","CAPITOLO","2019-02","2019-12","1","1","0","a","n","n","r","26","26"
"203","22","10","BNI - AUTODROMO","99","CAPITOLO","2019-06","2019-12","1","1","0","a","n","n","r","20","20"
"204","22","11","BNI - COPERNICO","96","CAPITOLO","2018-11",,"1","0","4","a","n","n","r","0","0"
"206","23","1","BNI - BISANZIO","26","CAPITOLO","2018-11","2018-12","1","1","29","a","n","n","a","0","0"
"207","23","2","BNI - LA PERLA","26","SOSPESO","2018-11","2018-12","1","1","28","a","n","n","a","0","0"
"208","23","3","BNI - LA REGINA","79","CAPITOLO","2018-11","2018-12","1","1","17","a","n","n","a","0","0"
"209","23","4","BNI - MAIOLICHE","26","CAPITOLO","2018-11","2018-12","1","1","23","a","n","n","a","0","0"
"210","23","5","BNI - MALATESTA","26","CAPITOLO","2018-11","2018-12","1","1","20","a","n","n","a","0","0"
"211","23","6","BNI - SFORZA","82","CAPITOLO","2018-11","2018-12","1","1","24","a","n","n","a","0","0"
"212","23","7","BNI - TITANO","79","CAPITOLO","2016-11","2016-12","1","1","34","a","n","n","a","0","0"
"213","23","8","BNI - VALMARECCHIA ","79","CAPITOLO","2019-01","2019-11","1","1","0","a","n","n","a","29","29"
"214","23","9","BNI - VULCANO","26","CAPITOLO","2018-11","2019-09","1","1","14","a","n","n","a","34","34"
"216","24","1","BNI - CASTELFIDARDO","27","CAPITOLO","2018-11","2018-12","1","1","17","a","n","n","a","0","0"
"217","24","2","BNI - LA MUCCA VIOLA","112","CAPITOLO","2018-11","2018-12","1","1","26","a","n","n","a","0","0"
"218","24","3","BNI - OCEANO BLU","112","CAPITOLO","2018-11","2018-12","1","1","23","a","n","n","a","0","0"
"219","24","4","BNI - SAGITTA","110","CAPITOLO","2018-11","2018-12","1","1","32","a","n","n","a","0","0"
"220","24","5","BNI - VENI VIDI VICI","109","CAPITOLO","2018-11","2018-12","1","1","21","a","n","n","a","0","0"
"221","24","6","BNI - VICTORIA DORICA","110","CAPITOLO","2018-11","2018-12","1","1","23","a","n","n","a","0","0"
"222","24","7","BNI - PERGOLESI","226","CAPITOLO","2018-11","2018-12","1","1","24","a","n","n","a","0","0"
"223","24","8","BNI - POLO POSITIVO","111","CAPITOLO","2018-11","2019-11","1","1","2","a","n","n","a","17","17"
"224","24","9","BNI - ROSSINI","27","PROGETTO","2019-12",,"1","0","0","a","n","n","a","0","0"
"225","27","1","BNI - BORGHESE","100","CAPITOLO","2018-11","2018-12","1","1","31","a","n","n","a","0","0"
"226","27","2","BNI - ENEA","102","CAPITOLO","2018-11","2018-12","1","1","18","a","a","n","a","0","0"
"227","27","3","BNI - PORTO DI ROMA","104","CAPITOLO","2018-11","2018-12","1","1","34","a","p","n","a","0","0"
"228","27","4","BNI - CASTEL S.ANGELO","103","CAPITOLO","2018-11","2018-12","1","1","20","a","a","n","a","0","0"
"229","27","5","BNI - GAZOMETRO","103","CAPITOLO","2018-11","2018-12","1","1","22","a","a","n","a","0","0"
"230","27","6","BNI - GIANICOLO","30","CAPITOLO","2018-11","2018-12","1","1","30","a","n","n","a","0","0"
"231","27","7","BNI - MONTEVERDE","93","CAPITOLO","2018-11","2018-12","1","1","21","a","p","n","a","0","0"
"232","27","8","BNI - ROMA CENTRO","95","CAPITOLO","2018-11","2018-12","1","1","22","a","n","n","a","0","0"
"233","27","9","BNI - ROMAEUR","101","CAPITOLO","2018-11","2018-12","1","1","20","a","p","n","a","0","0"
"234","27","10","BNI - SAN GIOVANNI","103","CAPITOLO","2018-11","2018-12","1","1","20","a","n","n","a","0","0"
"235","27","11","BNI - SKY TOWER","94","CAPITOLO","2018-11","2018-12","1","1","23","a","p","n","a","0","0"
"236","27","12","BNI - TERMINI","101","CAPITOLO","2018-11","2018-12","1","1","37","a","p","n","a","0","0"
"237","27","13","BNI - VATICANO","101","CAPITOLO","2018-11","2018-12","1","1","19","a","p","n","a","0","0"
"238","27","14","BNI - OSTIA","91","CAPITOLO",,"2019-01","0","1","0","a","n","n","a","28","28"
"239","27","15","BNI - GIANO","102","CAPITOLO",,"2019-01","0","1","0","a","p","n","a","30","30"
"240","27","16","BNI - ROME INTERNATIONAL","98","CAPITOLO",,"2019-01","0","1","0","a","n","n","a","18","18"
"241","27","17","BNI - TRASTEVERE","30","CAPITOLO","2019-09","2019-12","1","1","0","a","n","n","a","24","24"
"242","27","18","BNI - Baby Boom","30","CORE GROUP","2019-12",,"1","0","0","a","n","n","a","0","0"
"243","27","19","BNI - Il Mitreo","92","CORE GROUP","2019-12",,"1","0","0","a","n","n","a","0","0"
"244","27","20","BNI - PETER PAN","108","CORE GROUP","2019-12",,"1","0","0","a","n","n","a","0","0"
"245","27","21","BNI - CAPITALE","94","CHIUSO","2019-09",,"1","0","0","a","p","n","a","0","0"
"246","3","1","BNI - BOCCONI","10","CAPITOLO","2018-11","2018-12","1","1","35","a","n","n","a","0","0"
"247","3","2","BNI - BUENOS AIRES","54","CAPITOLO","2018-11","2018-12","1","1","18","a","n","n","a","0","0"
"248","3","3","BNI - CITTÀ STUDI","47","CAPITOLO","2018-11","2018-12","1","1","16","a","n","n","a","0","0"
"249","3","4","BNI - DUOMO","10","CAPITOLO","2018-11","2018-12","1","1","27","a","n","n","a","0","0"
"250","3","5","BNI - I VALORI","53","CAPITOLO","2018-11","2018-12","1","1","18","a","n","n","a","0","0"
"251","3","6","BNI - LAMBRO","53","CAPITOLO","2018-11","2018-12","1","1","23","a","n","n","a","0","0"
"252","3","7","BNI - MARTESANA","47","SOSPESO","2018-11","2018-12","1","1","14","a","n","n","a","0","0"
"253","3","8","BNI - MILANO BUSINESS LUNCH","48","CAPITOLO","2018-11","2018-12","1","1","28","a","n","n","a","0","0"
"254","3","9","BNI - OREFICI","10","CAPITOLO","2018-11","2018-12","1","1","21","a","n","n","a","0","0"
"255","3","10","BNI - PRIMAVERA","54","CAPITOLO","2018-11","2018-12","1","1","25","a","n","n","a","0","0"
"256","3","11","BNI - SEGRATE","47","CAPITOLO","2018-11","2018-12","1","1","26","a","n","n","a","0","0"
"257","3","12","BNI - 5 GIORNATE","48","CAPITOLO","2018-11","2019-01","1","1","12","a","n","n","a","21","21"
"258","3","13","BNI - L'ORA GIUSTA","54","CAPITOLO","2018-11","2019-11","1","1","4","a","n","n","a","21","21"
"259","3","14","BNI - GORGONZOLA","54","CAPITOLO","2018-11","2019-04","1","1","7","a","n","n","a","23","23"
"260","3","15","BNI - ROSSO DI SERA","47","CAPITOLO","2019-02","2019-12","1","1","0","a","n","n","a","25","25"
"261","3","16","BNI - ARIETE","58","CORE GROUP","2018-11",,"1","0","5","a","n","n","a","0","0"
"262","3","17","BNI - MILANO","47","CORE GROUP","2019-12",,"1","0","0","a","n","n","a","0","0"
"263","9","1","BNI - BARBAROSSA","12","CAPITOLO","2018-11","2018-12","1","1","41","a","n","n","a","0","0"
"264","9","2","BNI - B-EST","12","CAPITOLO","2018-11","2018-12","1","1","33","a","n","n","a","0","0"
"265","9","3","BNI - BLUE DIAMOND","12","CAPITOLO","2018-11","2018-12","1","1","35","a","n","n","a","0","0"
"266","9","4","BNI - BORROMEO","12","CAPITOLO","2018-11","2018-12","1","1","27","a","n","n","a","0","0"
"267","9","5","BNI - BRIANZA","135","CAPITOLO","2018-11","2018-12","1","1","10","a","n","n","a","0","0"
"268","9","6","BNI - ERCOLE","135","CAPITOLO","2018-11","2018-12","1","1","19","a","n","n","a","0","0"
"269","9","7","BNI - MONZA CENTRO","135","CAPITOLO","2018-11","2018-12","1","1","24","a","n","n","a","0","0"
"270","9","8","BNI - TEODOLINDA","12","CAPITOLO","2018-11","2018-12","1","1","27","a","n","n","a","0","0"
"271","9","9","BNI - ALTA GAMMA","12","CAPITOLO","2018-11","2019-12","1","1","6","a","n","n","a","18","18"
"272","9","10","BNI  -ALFA","12","CORE GROUP","2019-12",,"1","0","0","a","n","n","a","0","0"
"273","11","1","BNI - BREVA E TIVANO","138","CAPITOLO","2018-11","2018-12","1","1","29","a","n","n","a","0","0"
"274","11","2","BNI - CANTÙ GALLIANO","139","CAPITOLO","2018-11","2018-12","1","1","27","a","n","n","a","0","0"
"275","11","3","BNI - COMO UNO","139","CAPITOLO","2018-11","2018-12","1","1","35","a","n","n","a","0","0"
"276","11","4","BNI - ERBA1","70","CAPITOLO","2018-11","2018-12","1","1","22","a","n","n","a","0","0"
"277","11","5","BNI - GAUDENZIA","139","CAPITOLO","2018-11","2018-12","1","1","22","a","n","n","a","0","0"
"278","11","6","BNI - INSUBRIA","139","CAPITOLO","2018-11","2018-12","1","1","28","a","n","n","a","0","0"
"279","11","7","BNI - LEGNONE","70","CAPITOLO","2018-11","2018-12","1","1","46","a","n","n","a","0","0"
"280","11","8","BNI - MANZONI","70","CAPITOLO","2018-11","2018-12","1","1","30","a","n","n","a","0","0"
"281","11","9","BNI - MARIANO COMENSE","139","CAPITOLO","2018-11","2018-12","1","1","28","a","n","n","a","0","0"
"282","11","10","BNI - MERATE","140","CAPITOLO","2018-11","2018-12","1","1","29","a","n","n","a","0","0"
"283","11","11","BNI - QUAZAR 2.0","141","CAPITOLO","2018-11","2018-12","1","1","40","a","n","n","a","0","0"
"284","11","12","BNI - RESEGONE","70","CAPITOLO","2018-11","2018-12","1","1","41","a","n","n","a","0","0"
"285","11","13","BNI - SONDRIO","70","CAPITOLO","2018-11","2018-12","1","1","33","a","n","n","a","0","0"
"286","11","14","BNI - VALCHIAVENNA","163","CAPITOLO","2018-11","2018-12","1","1","36","a","n","n","a","0","0"
"287","11","15","BNI - VELTELLINA","155","CAPITOLO","2018-11","2018-12","1","1","50","a","n","n","a","0","0"
"288","11","16","BNI - VOLTA","138","CAPITOLO","2018-11","2018-12","1","1","35","a","n","n","a","0","0"
"289","11","17","BNI - ALTA BRIANZA","138","CAPITOLO","2018-11","2019-01","1","1","24","a","n","n","a","25","25"
"290","11","18","BNI - VALSASSINA","160","CORE GROUP","2018-11","2020-05","1","0","13","a","n","n","a","0","0"
"291","13","1","BNI - MORONI","120","CAPITOLO","2018-11","2018-12","1","1","28","a","a","n","a","0","0"
"292","13","2","BNI - FRANCESCO NULLO","115","CAPITOLO","2018-11","2018-12","1","1","26","a","a","n","a","0","0"
"293","13","3","BNI - GIULIO NATTA","115","CAPITOLO","2018-11","2018-12","1","1","35","a","a","n","a","0","0"
"294","13","4","BNI - MANZÙ","16","CAPITOLO","2018-11","2018-12","1","1","34","a","a","n","a","0","0"
"295","13","5","BNI - SANTA CATERINA","16","CAPITOLO","2018-11","2018-12","1","1","21","a","a","n","a","0","0"
"296","13","6","BNI - OLMI","118","CAPITOLO","2018-11","2018-12","1","1","19","a","a","n","a","0","0"
"297","13","7","BNI - BARTOLOMEO COLLEONI","120","CAPITOLO","2018-11","2019-04","1","1","18","a","a","n","a","30","30"
"298","13","8","BNI - ARLECCHINO DI ALMÈ","120","CAPITOLO","2019-01","2019-12","1","1","0","a","a","n","a","36","36"
"299","13","9","BNI - QUARENGHI DI CURNO","119","CAPITOLO","2019-01",,"1","0","0","a","a","n","a","0","0"
"300","13","10","BNI - ISOLA","116","CAPITOLO","2019-01","2019-12","1","1","0","a","a","n","a","30","30"
"301","25","1","BNI - FLAIANO","28","CAPITOLO","2018-11","2018-12","1","1","20","a","n","n","a","0","0"
"302","25","2","BNI - INTERAMNIA","28","CAPITOLO","2018-11","2018-12","1","1","24","a","n","n","a","0","0"
"303","25","3","BNI - METROPOLITAN","28","CAPITOLO","2018-11","2018-12","1","1","30","a","n","n","a","0","0"
"304","25","4","BNI - SUPERNOVA","28","CAPITOLO","2018-11","2018-12","1","1","24","a","n","n","a","0","0"
"305","25","5","BNI - ARGENTUM","28","CAPITOLO","2019-01","2019-04","1","1","0","a","n","n","a","27","27"
"306","25","6","BNI - NEWCO 1 FRA","28","CORE GROUP","2019-12",,"1","0","0","n","n","n","n","0","0"
"307","25","7","BNI - NEWCO 1 SABA","28","CORE GROUP","2019-12",,"1","0","0","a","n","n","a","0","0"
"308","25","8","BNI - luminosa Cafasso","221","CORE GROUP","2019-12",,"1","0","0","a","n","n","a","0","0"
"309","26","1","BNI - A PRANZO CON GUSTO","59","CAPITOLO","2018-11","2018-12","1","1","21","a","n","n","a","0","0"
"310","26","2","BNI - FORUM","62","CAPITOLO","2018-11","2018-12","1","1","38","a","n","n","a","0","0"
"311","26","3","BNI - FRECCIA ROSSA","59","CAPITOLO","2018-11","2018-12","1","1","18","a","n","n","a","0","0"
"312","26","4","BNI - ISOLA SACRA","66","CAPITOLO","2018-11","2018-12","1","1","19","a","n","n","a","0","0"
"313","26","5","BNI - MAZZINI","64","CAPITOLO","2018-11","2018-12","1","1","18","a","n","n","a","0","0"
"314","26","6","BNI - ORA DI PRANZO","59","CAPITOLO","2018-11","2018-12","1","1","23","a","n","n","a","0","0"
"315","26","7","BNI - PARIOLI","29","CAPITOLO","2018-11","2018-12","1","1","21","a","n","n","a","0","0"
"316","26","8","BNI - PONTE MILVIO","60","CAPITOLO","2018-11","2018-12","1","1","18","a","n","n","a","0","0"
"317","26","9","BNI - PRATI","29","CAPITOLO","2018-11","2018-12","1","1","26","a","n","n","a","0","0"
"318","26","10","BNI - RAFFAELE RICCO","69","CAPITOLO","2018-11","2018-12","1","1","27","a","n","n","a","0","0"
"319","26","11","BNI - REGAL","72","CAPITOLO","2018-11","2018-12","1","1","19","a","n","n","a","0","0"
"320","26","12","BNI - SALARIO TRIESTE","59","CAPITOLO","2018-11","2018-12","1","1","36","a","n","n","a","0","0"
"321","26","13","BNI - PIAZZA BOLOGNA","59","CAPITOLO","2018-11","2019-09","1","1","13","a","n","n","a","24","24"
"322","26","14","BNI - AURELIUS","60","CAPITOLO","2019-01","2019-10","1","1","0","a","n","n","a","19","19"
"323","26","15","BNI - ROMA BUSINESS LUNCH","62","CORE GROUP","2018-11","2020-06","1","0","1","a","n","n","a","0","0"
"324","26","16","BNI - LADISPOLI","62","CORE GROUP","2018-11",,"1","0","8","a","n","n","a","0","0"
"325","26","17","BNI - TEVERE","66","CORE GROUP","2019-04",,"1","0","0","a","n","n","a","0","0"
"326","26","18","BNI - JOLLY","64","CORE GROUP","2019-06",,"1","0","0","a","n","n","a","0","0"
"327","26","19","BNI - BLOCKCHAIN","75","CORE GROUP","2019-12",,"1","0","0","a","n","n","a","0","0"
"328","28","1","BNI - PROMETEUS PERUGIA","214","CAPITOLO","2018-11","2018-12","1","1","27","a","n","n","a","0","0"
"329","28","2","BNI - ASSISI IL CANTICO","213","CAPITOLO","2018-11","2018-12","1","1","25","a","n","n","a","0","0"
"330","28","3","BNI - DUE MONDI SPOLETO","213","CAPITOLO","2019-04","2019-12","1","1","0","a","n","n","a","27","27"
"333","29","1","BNI - NEAPOLIS","32","CAPITOLO","2018-11","2019-01","1","1","26","n","n","n","a","38","38"
"334","29","2","BNI - ANGIOINO","129","CAPITOLO","2019-01","2019-12","1","1","0","n","n","n","a","26","26"
"335","29","3","BNI - VIRGILIANO","128","CAPITOLO","2019-04","2019-12","1","1","0","n","n","n","a","25","25"
"336","29","4","BNI - I NORMANNI","130","CORE GROUP","2018-11",,"1","0","3","n","n","n","a","0","0"
"337","6","17","BNI - TORINO","6","CAPITOLO","2009-01","2009-03","1","1","55","a","n","n","a","0","0"
"339","1","13","BNI - CAMPI BISENZIO","2","CORE GROUP","2019-12","2020-10","1","0","0","a","n","n","a","0","0"
"340","1","14","BNI - CASTIGLION FIORENTINO","2","PROGETTO","2020-01","2021-01","0","0","0","a","n","n","a","0","0"
"341","1","15","BNI - SANSEPOLCRO","2","PROGETTO","2021-01","2021-01","0","0","0","a","n","n","a","0","0"
"343","1","17","BNI - DE MEDICI","2","PROGETTO","2020-03","2020-11","0","0","0","a","n","n","a","0","0"
"344","1","16","BNI - VALDARNO","1","PROGETTO","2020-02","2020-11","0","0","0","a","n","n","a","0","0"
"345","23","11","BNI - LA PERLA VERDE","79","CORE GROUP","2019-05",,"1","0","0","a","n","n","a","0","0"
"346","23","12","BNI - LEONIDA","84","CORE GROUP","2019-12",,"1","0","0","a","n","n","a","0","0"
"347","23","13","BNI - PERCOCCA","85","CORE GROUP","2019-12",,"1","0","0","a","n","n","a","0","0"
"348","23","14","BNI - BETTER LIVING","79","CORE GROUP","2019-12",,"1","0","0","n","n","n","a","0","0"
"349","23","15","BNI - LA CARICA DEI 102","82","CORE GROUP","2019-12",,"1","0","0","a","n","n","a","0","0"
"350","12","8","BNI - BARBAROSSA","89","CHIUSO","2019-12","2020-06","1","0","0","n","n","n","a","0","0"
"351","12","9","BNI - SANTA LUCIA","90","CORE GROUP","2020-01","2020-06","1","0","0","a","n","n","a","0","0"
"352","22","13","BNI - RENO","99","CORE GROUP","2020-01","2020-09","1","0","0","a","n","n","r","0","0"
"353","22","14","BNI - BUDRIUM","97","CORE GROUP","2020-01","2020-09","1","0","0","a","n","n","r","0","0"
"354","13","11","BNI - LORENZO LOTTO","117","CORE GROUP",,,"0","0","0","a","a","n","a","0","0"
"355","4","9","BNI - VISCONTEO","127","CHIUSO","2019-12","2020-12","1","0","12","n","n","n","a","0","0"
"356","13","12","BNI - SEBINO","117","CORE GROUP",,,"0","0","0","a","a","n","a","0","0"
"357","19","13","BNI - FRIGNANO","123","PROGETTO","2020-02",,"0","0","0","a","n","n","a","0","0"
"358","19","14","BNI - ALTER EGO","122","PROGETTO","2020-02",,"0","0","0","a","n","n","a","0","0"
"359","20","16","BNI - CORTE HERBERIA","71","CORE GROUP","2019-03","2020-04","1","0","0","a","n","n","a","0","0"
"360","20","17","BNI - I COLLEGATI","73","CORE GROUP","2019-12","2020-03","1","0","0","a","n","n","a","0","0"
"361","10","12","BNI - VALCERESIO","207","CORE GROUP","2019-12","2020-09","1","0","0","a","n","n","a","0","0"
"362","2","21","BNI - ASTORIA","195","CORE GROUP","2019-09","2020-09","1","0","0","a","n","n","a","0","0"
"363","2","22","BNI - LIVINGSTON","196","CORE GROUP","2019-12","2020-07","1","0","0","a","n","n","a","0","0"
"364","17","9","BNI - COL DI DANTE","20","PROGETTO","2020-04","2021-04","0","0","0","a","n","n","a","0","0"
"365","17","10","BNI - CONEGLIANO 2","20","PROGETTO","2020-04","2021-04","0","0","0","a","n","n","a","0","0"
"366","7","15","BNI - LAGO D'ORTA","152","PROGETTO","2021-01","2021-02","0","0","0","a","n","n","a","0","0"
"367","31","1","BNI - DONNAFUGATA","34","CORE GROUP","2019-06","2020-07","1","0","0","a","n","n","a","0","0"
"368","31","2","BNI - HYBLA","34","CORE GROUP","2019-06","2020-07","1","0","0","a","n","n","a","0","0"
"369","6","18","BNI - MUNCALÈ","6","CAPITOLO","2019-09",,"1","0","0","a","n","n","a","0","0"
"370","5","17","BNI - TORINO 3","4","CORE GROUP","2019-11",,"1","0","0","a","n","n","a","0","0"
"371","14","8","BNI - CANGRANDE","17","CORE GROUP","2020-01",,"1","0","0","a","n","n","a","0","0"
"372","6","19","BNI - NEWTON","6","CAPITOLO","2019-10",,"1","0","0","a","n","n","a","0","0"
"373","6","20","BNI - TORINO 2","6","CORE GROUP","2019-12",,"1","0","0","a","n","n","a","0","0"
"374","26","20","BNI - GIULIANO IMPERATORE","74","CORE GROUP","2020-01","2020-06","0","0","0","a","n","n","a","0","0"
"375","14","9","BNI - VALPANTENA","17","CORE GROUP","2020-01",,"1","0","0","a","n","n","a","0","0"
"376","14","10","BNI - SOAVE","17","PROGETTO","2020-02",,"0","0","0","a","n","n","a","0","0"
"377","14","11","BNI - BARDOLINO","125","PROGETTO","2020-02",,"0","0","0","a","n","n","a","0","0"
"378","44","1","BNI - KARALIS","164","CAPITOLO","2018-11","2019-05","1","1","7","n","n","n","a","26","26"
"379","44","2","BNI - IGLESIAS","164","PROGETTO","2020-02","2020-07","0","0","0","n","n","n","a","0","0"
"380","44","3","BNI - CAGLIARI 2","164","PROGETTO","2020-02","2020-11","0","0","0","n","n","n","a","0","0"
"381","44","4","BNI - QUARTU","164","PROGETTO","2020-05","2020-11","0","0","0","n","n","n","a","0","0"
"382","11","19","BNI - DUE LAGHI","140","CORE GROUP","2020-09",,"0","0","0","a","n","n","a","0","0"
"383","11","20","BNI - SIRIO","14","CORE GROUP","2020-01","2020-12","1","0","0","a","n","n","a","0","0"
"384","37","1","BNI - BASSA BRESCIANA","165","CAPITOLO","2018-11","2018-12","1","1","45","a","n","n","a","0","0"
"385","37","2","BNI - CASTELLO DI BRESCIA","165","CAPITOLO","2018-11","2018-12","1","1","37","a","n","n","a","0","0"
"386","37","3","BNI - COLLI MORENICI","165","CAPITOLO","2018-11","2018-12","1","1","22","a","n","n","a","0","0"
"387","37","4","BNI - DESENZANO DEL GARDA","165","CAPITOLO","2018-11","2018-12","1","1","37","a","n","n","a","0","0"
"388","37","5","BNI - FRANCIACORTA","165","CAPITOLO","2018-11","2018-12","1","1","40","a","n","n","a","0","0"
"389","37","6","BNI - LEONESSA","165","CAPITOLO","2018-11","2018-12","1","1","13","a","n","n","a","0","0"
"390","37","7","BNI - MADDALENA","165","CAPITOLO","2018-11","2018-12","1","1","36","a","n","n","a","0","0"
"391","37","8","BNI - MILLEMIGLIA","165","CAPITOLO","2018-11","2018-12","1","1","37","a","n","n","a","0","0"
"392","37","9","BNI - MONTORFANO","165","CAPITOLO","2018-11","2018-12","1","1","25","a","n","n","a","0","0"
"393","37","10","BNI - SALÒ","165","CAPITOLO","2018-11","2018-12","1","1","23","a","n","n","a","0","0"
"394","37","11","BNI - SANTA GIULIA","165","CAPITOLO","2018-11","2018-12","1","1","28","a","n","n","a","0","0"
"395","37","12","BNI - FASCIA D'ORO","165","CAPITOLO","2018-11","2019-05","1","1","10","a","n","n","a","17","17"
"396","37","13","BNI - ISEO","165","CAPITOLO","2018-11","2019-08","1","1","13","a","n","n","a","22","22"
"397","37","14","BNI - LUGANA","165","CAPITOLO","2018-11","2019-05","1","1","14","a","n","n","a","26","26"
"398","37","15","BNI - VITTORIA ALATA","165","CAPITOLO","2018-11","2019-05","1","1","14","a","n","n","a","21","21"
"399","37","16","BNI - LA LOGGIA","165","CAPITOLO","2018-11","2019-08","1","1","1","a","n","n","a","37","37"
"400","37","17","BNI - SAN BARTOLOMEO","165","CAPITOLO","2018-11",,"1","0","4","a","n","n","a","0","0"
"401","37","18","BNI - BASSO GARDA","165","CORE GROUP","2020-01","2020-07","1","0","0","a","n","n","a","0","0"
"402","37","19","BNI - LA ROCCA","165","PROGETTO","2020-02","2020-05","0","0","0","a","n","n","a","0","0"
"403","40","1","BNI - ACCADEMIA","167","CAPITOLO","2018-11","2018-12","1","1","40","a","n","n","a","0","0"
"404","40","2","BNI - APUANIA MASSA-CARRARA","167","CAPITOLO","2018-11","2018-12","1","1","21","a","n","n","a","0","0"
"405","40","3","BNI - ARNO","167","CAPITOLO","2018-11","2018-12","1","1","23","a","n","n","a","0","0"
"406","40","4","BNI - AURELIA PISA","167","CAPITOLO","2018-11","2018-12","1","1","30","a","n","n","a","0","0"
"407","40","5","BNI - ERA","167","CAPITOLO","2018-11","2018-12","1","1","41","a","n","n","a","0","0"
"408","40","6","BNI - ALFEA","167","CAPITOLO","2018-11","2019-02","1","1","16","a","n","n","a","25","25"
"409","40","7","BNI - COSTA DEGLI ETRUSCHI","167","CORE GROUP","2018-11","2020-05","1","0","6","a","n","n","a","0","0"
"410","5","18","BNI - RIVAROLO","4","CORE GROUP","2019-11","2020-09","1","0","0","a","n","n","a","0","0"
"411","40","8","BNI - AURORA","167","CORE GROUP","2019-12","2020-05","1","0","0","a","n","n","a","0","0"
"412","40","9","BNI - NAVICELLI","167","PROGETTO","2020-02","2020-11","0","0","0","a","n","n","a","0","0"
"413","40","10","BNI - LA PIEVE","167","PROGETTO","2020-02","2020-11","0","0","0","a","n","n","a","0","0"
"414","40","11","BNI - ALABASTRO","167","PROGETTO","2020-05",,"0","0","0","a","n","n","a","0","0"
"415","40","12","BNI - LUNI","167","PROGETTO","2020-05",,"0","0","0","a","n","n","a","0","0"
"416","40","13","BNI - LAMPO","167","PROGETTO","2020-05",,"0","0","0","a","n","n","a","0","0"
"417","40","14","BNI - PROGETTO 1","167","PROGETTO","2020-11",,"0","0","0","a","n","n","a","0","0"
"418","40","15","BNI - PROGETTO 2","167","PROGETTO","2020-11",,"0","0","0","a","n","n","a","0","0"
"419","32","1","BNI - SASSARI THÀMUS","35","CHIUSO","2019-09","2020-04","1","0","0","n","n","n","p","0","0"
"420","38","1","BNI - BARBARIGO","170","CAPITOLO","2018-11","2018-12","1","1","22","a","n","n","a","0","0"
"421","38","2","BNI - BELLAGUARDIA","170","CAPITOLO","2018-11","2018-12","1","1","30","a","n","n","a","0","0"
"422","38","3","BNI - MONTEGRAPPA","170","CAPITOLO","2018-11","2018-12","1","1","22","a","n","n","a","0","0"
"423","38","4","BNI - PALLADIO","170","CAPITOLO","2018-11","2018-12","1","1","27","a","n","n","a","0","0"
"424","38","5","BNI - PASUBIO","170","CAPITOLO","2018-11","2018-12","1","1","16","a","n","n","a","0","0"
"425","38","6","BNI - PONTE VECCHIO","170","CAPITOLO","2018-11","2018-12","1","1","26","a","n","n","a","0","0"
"426","38","7","BNI - THIENE","170","CAPITOLO","2018-11","2018-12","1","1","29","a","n","n","a","0","0"
"427","38","8","BNI - OLIMPICO","170","CORE GROUP","2018-11","2020-05","1","0","3","a","n","n","a","0","0"
"428","38","9","BNI - DUEVILLE","170","CORE GROUP","2020-02","2020-09","0","0","0","a","n","n","a","0","0"
"429","38","10","BNI - PROSPETTIVA","170","PROGETTO","2020-02","2020-09","0","0","0","a","n","n","a","0","0"
"430","33","1","BNI - ACAJA","171","CAPITOLO","2018-11","2018-12","1","1","38","a","n","n","a","0","0"
"431","33","2","BNI - ALBATROSS","171","CAPITOLO","2018-11","2018-12","1","1","38","a","n","n","a","0","0"
"432","33","3","BNI - ALFIERI","171","CAPITOLO","2018-11","2018-12","1","1","33","a","n","n","a","0","0"
"433","33","4","BNI - ATHENA","171","CAPITOLO","2019-07","2019-11","1","1","0","a","n","n","a","0","0"
"434","33","5","BNI - AUGUSTA","171","CAPITOLO","2018-11","2018-12","1","1","22","a","n","n","a","0","0"
"435","33","6","BNI - BARBERA","171","CAPITOLO","2018-11","2018-12","1","1","57","a","n","n","a","0","0"
"436","33","7","BNI - BELVEDERE","171","CAPITOLO","2018-11","2018-12","1","1","51","a","n","n","a","0","0"
"437","33","8","BNI - BISALTA","171","CAPITOLO","2018-11","2018-12","1","1","39","a","n","n","a","0","0"
"438","33","9","BNI - CARDO GOBBO","171","CAPITOLO","2018-11","2018-12","1","1","29","a","n","n","a","0","0"
"439","33","10","BNI - CASSIOPEA","171","SOSPESO","2018-11","2018-12","1","1","29","a","n","n","a","0","0"
"440","33","11","BNI - CASTAGNA","171","CAPITOLO","2018-11","2019-12","1","1","5","a","n","n","a","0","0"
"441","33","12","BNI - CHEESE","171","CAPITOLO","2018-11","2018-12","1","1","28","a","n","n","a","0","0"
"442","33","13","BNI - CICOGNA BIANCA","171","CAPITOLO","2018-11","2018-12","1","1","34","a","n","n","a","0","0"
"443","33","14","BNI - EAGLE","171","CAPITOLO","2018-11","2018-12","1","1","24","a","n","n","a","0","0"
"444","33","15","BNI - GHIRONDA","171","CAPITOLO","2018-11","2018-12","1","1","37","a","n","n","a","0","0"
"445","33","16","BNI - GIORGIO FALETTI","171","CAPITOLO","2018-11","2019-05","1","1","4","a","n","n","a","0","0"
"446","33","17","BNI - LA GRANDA","171","CAPITOLO","2018-11","2018-12","1","1","40","a","n","n","a","0","0"
"447","33","18","BNI - MARIOLA","171","CAPITOLO","2018-11","2018-12","1","1","25","a","n","n","a","0","0"
"448","33","19","BNI - PALIO D'ASTI","171","CAPITOLO","2018-11","2018-12","1","1","40","a","n","n","a","0","0"
"449","33","20","BNI - PORTA DELLE LANGHE","171","CAPITOLO","2018-11","2019-12","1","1","6","a","n","n","a","0","0"
"450","33","21","BNI - SAVOIA","171","CAPITOLO","2018-11","2018-12","1","1","51","a","n","n","a","0","0"
"451","33","22","BNI - TERRA DEI SANTI","171","CAPITOLO","2018-11","2018-12","1","1","18","a","n","n","a","0","0"
"452","33","23","BNI - TARTUFO","171","CAPITOLO","2018-11","2018-12","1","1","31","a","n","n","a","0","0"
"453","33","24","BNI - VISOL","171","CAPITOLO","2018-11","2018-12","1","1","52","a","n","n","a","0","0"
"455","33","26","BNI - CAMILLO BENSO","171","CORE GROUP","2019-05",,"1","0","0","a","n","n","a","0","0"
"456","33","27","BNI - LANGA E MONFERRATO","171","CORE GROUP","2019-02","2020-09","1","0","0","a","n","n","a","0","0"
"457","33","28","BNI - MORÈ","171","CORE GROUP","2019-11","2020-11","1","0","0","a","n","n","a","0","0"
"458","33","29","BNI - BUSINESS BITES","171","CORE GROUP","2020-02","2020-11","0","0","0","a","n","n","a","0","0"
"459","34","1","BNI - ALERAMO","172","CAPITOLO","2018-11","2018-12","1","1","29","a","n","n","a","0","0"
"460","34","2","BNI - LA BOLLENTE","172","CAPITOLO","2018-11","2018-12","1","1","35","a","n","n","a","0","0"
"461","34","3","BNI - MARENGO","172","CAPITOLO","2018-11","2018-12","1","1","31","a","n","n","a","0","0"
"462","34","4","BNI - CITTADELLA","172","CAPITOLO","2018-11","2019-11","1","1","8","a","n","n","a","0","0"
"463","34","5","BNI - DERTHONA","172","CORE GROUP","2019-09","2020-11","1","0","0","a","n","n","a","0","0"
"464","34","6","BNI - ENTERPRISE","172","CORE GROUP","2019-11",,"1","0","0","a","n","n","a","0","0"
"465","34","7","BNI - NAPOLEONE","172","CORE GROUP","2020-02","2020-11","0","0","0","a","n","n","a","0","0"
"466","34","8","BNI - INFERNOT","172","PROGETTO","2020-05",,"0","0","0","a","n","n","a","0","0"
"467","35","1","BNI - IMPERO","173","CAPITOLO","2018-11","2018-12","1","1","23","a","n","n","a","0","0"
"468","35","2","BNI - PRIAMAR","173","CAPITOLO","2018-11","2018-12","1","1","27","a","n","n","a","0","0"
"469","35","3","BNI - VALBORMIDA","173","CAPITOLO","2018-11","2018-12","1","1","29","a","n","n","a","0","0"
"470","35","4","BNI - GALLINARA","173","CAPITOLO","2018-11","2019-11","1","1","12","a","n","n","a","0","0"
"471","35","5","BNI - SANREMO","173","CAPITOLO","2018-11","2019-11","1","1","1","a","n","n","a","0","0"
"472","35","6","BNI - MAESTRALE","173","CORE GROUP","2018-11","2020-11","1","0","2","a","n","n","a","0","0"
"473","35","7","BNI - SANREMO 2","173","PROGETTO","2020-06","2020-11","0","0","0","a","n","n","a","0","0"
"474","35","8","BNI - DOGANE APERTE","173","PROGETTO","2020-02","2020-11","0","0","0","a","n","n","a","0","0"
"475","35","9","BNI - SAVONA 2","173","PROGETTO","2020-06",,"0","0","0","a","n","n","a","0","0"
"476","35","10","BNI - ALBENGA","173","PROGETTO","2020-06",,"0","0","0","a","n","n","a","0","0"
"477","36","1","BNI - QUINTESSENZA","174","CAPITOLO","2018-11","2018-12","1","1","18","a","n","n","a","0","0"
"478","36","2","BNI - SAN MARTINO MAGENTA","174","CAPITOLO","2019-02","2019-11","1","1","0","a","n","n","a","0","0"
"479","36","3","BNI - BETA","174","CORE GROUP","2019-11","2020-05","1","0","0","a","n","n","a","0","0"
"480","36","4","BNI - VISCONTI","174","CORE GROUP","2019-11",,"1","0","0","a","n","n","a","0","0"
"481","36","5","BNI - OPERA 4.0","174","CORE GROUP","2019-11","2020-11","1","0","0","a","n","n","a","0","0"
"482","42","1","BNI - AVENTINO","175","CAPITOLO","2018-11","2018-12","1","1","21","n","n","n","a","0","0"
"483","42","2","BNI - I TALENTI","175","CAPITOLO","2018-11","2018-12","1","1","21","n","n","n","n","0","0"
"484","42","3","BNI - MONTESACRO","175","CAPITOLO","2018-11","2019-02","1","1","20","n","n","n","n","0","0"
"485","42","4","BNI - NOMENTUM","175","CAPITOLO","2018-11","2019-09","1","1","10","n","n","n","a","0","0"
"486","42","5","BNI - OTTAVIANO AUGUSTO","175","CORE GROUP","2018-11","2020-05","1","0","15","n","n","n","a","0","0"
"487","42","6","BNI - CAIO GIULIO CESARE","175","CORE GROUP","2018-11","2020-11","1","0","9","n","n","n","a","0","0"
"488","42","7","BNI - SETTEBAGNI","175","PROGETTO","2020-02",,"0","0","0","n","n","n","a","0","0"
"489","41","1","BNI - SALLUSTIO BANDINI - SIENA","176","CAPITOLO","2018-11","2018-12","1","1","26","n","n","n","a","0","0"
"490","41","2","BNI - FRANCIGENA","176","CORE GROUP","2018-11","2020-02","1","0","2","n","n","n","a","0","0"
"491","41","3","BNI - VALDICHIANA","176","CORE GROUP","2019-11","2020-02","1","0","0","n","n","n","a","0","0"
"492","10","12","BNI - AD SEXTUM","13","CORE GROUP","2019-07",,"1","0","0","a","n","n","a","0","0"
"493","13","13","BNI - MILLE","120","CORE GROUP",,"2020-04","0","0","0","a","a","n","a","0","0"
"495","32","2","BNI - THÀMUS","35","CAPITOLO","2019-10","2020-04","1","0","0","p","n","n","a","0","0"
"496","46","1","BNI - ADRIATICO","178","PROGETTO","2020-12","2020-12","0","0","0","n","n","n","a","0","0"
"497","28","6","BNI - INVICTUS","214","CAPITOLO","2019-07","2019-12","1","1","0","a","n","n","a","0","0"
"498","28","7","BNI - LET'S","213","CORE GROUP","2020-01","2020-07","1","0","0","a","n","n","a","0","0"
"499","28","8","BNI - FOLIGNO","213","PROGETTO","2020-06","2021-01","0","0","0","a","n","n","a","0","0"
"500","13","14","BNI - DALMINE","118","PROGETTO","2020-10","2021-04","0","0","0","a","a","n","a","0","0"
"501","39","1","BNI - ASTRA","217","CAPITOLO","2018-11","2018-12","1","1","22","n","n","n","n","0","0"
"502","39","2","BNI - FENICE","217","CAPITOLO","2018-11","2018-12","1","1","43","n","n","n","n","0","0"
"503","39","3","BNI - FUARCE","217","CAPITOLO","2018-10","2018-11","1","1","23","n","n","n","n","0","0"
"504","39","4","BNI - GHEPPIO","217","CAPITOLO","2018-11","2018-12","1","1","28","n","n","n","n","0","0"
"505","39","5","BNI - LEMENE","217","CAPITOLO","2018-11","2018-12","1","1","32","n","n","n","n","0","0"
"506","39","6","BNI - LIVENZA","217","CAPITOLO","2018-11","2018-12","1","1","41","n","n","n","n","0","0"
"507","39","7","BNI - VICTORIA","217","CAPITOLO","2018-11","2018-12","1","1","29","n","n","n","n","0","0"
"508","39","8","BNI - NAONIS","217","CAPITOLO","2019-02","2019-09","1","1","0","n","n","n","n","0","0"
"509","39","9","BNI - PRO FUTURA","217","CAPITOLO","2019-02","2019-09","1","1","0","n","n","n","n","0","0"
"510","39","10","BNI - SAN VITO AL TAGLIMENTO","217","CORE GROUP","2019-11","2020-09","1","0","0","n","n","n","n","0","0"
"511","26","21","BNI - BUSINESS MATCH","225","CORE GROUP","2020-01","2020-06","1","0","0","a","n","n","a","0","0"
"512","26","22","BNI - CAVALIERI","72","PROGETTO","2020-12",,"0","0","0","a","n","n","n","0","0"
"513","22","14","BNI - CARDUCCI","25","PROGETTO","2020-05",,"0","0","0","a","n","n","n","0","0"
"514","15","10","BNI - MEDOACUS","227","CORE GROUP","2019-11",,"1","0","0","n","n","n","p","0","0"
"515","15","11","BNI - EUGANEO","229","PROGETTO","2020-06",,"0","0","0","a","n","n","n","0","0"
"516","27","22","BNI - CAPITALE","94","CAPITOLO",,"2020-02","0","1","0","a","n","n","n","0","0"
"517","12","10","BNI - ZELANTE","15","CORE GROUP","2020-05","2020-12","1","0","0","a","p","n","n","0","0"
"518","12","11","BNI - IL FERRANTE","231","CORE GROUP","2020-05","2020-10","1","0","0","a","p","n","n","0","0"
"519","9","11","BNI - BUONARROTI","136","CORE GROUP","2019-10","2020-07","1","0","0","a","n","n","n","0","0"
"520","32","3","BNI - I CANDELIERI","35","CORE GROUP","2020-06","2020-12","1","0","0","a","n","n","a","0","0"
"521","3","18","BNI - BNI BRERA BUSINESS","179","CORE GROUP","2020-06","2020-10","1","0","0","a","n","n","n","0","0"
"522","3","19","BNI - BNI BRAMANTE","10","CORE GROUP","2020-06","2020-11","1","0","0","a","n","n","n","0","0"
